id,username,user_handle,date,retweets,favorites,text,geological_location,mentions,hashtags,tweet_id,permalink,tokoh,sentiment
,Michel Adam,MichelaniaAdam,10/24/2018 8:35,132,309,"Selamat bermedsos, Temans Kita promosikan kebaikan2 Pak Prabowo Kita promosikan kebaikan2 Mas Sandi. Kita promosikan partai2 Koalisi Adil Makmur: PAN, PKS, Demokrat, Gerindra Kita promosikan caleg2 PAN, PKS, Demokrat dan Gerindra # 2019GantiPresiden # 2019PrabowoSandi",,,# #,1.05E+18,https://twitter.com/MichelaniaAdam/status/1054909158565105664,prabowo,positive
,PurwaRaja,RajaPurwaBU,10/24/2018 6:13,101,218,SERUAN!!! HABIB RIZIEQ SHIHAB GELAR AKSI BELA TAUHID DI SELURUH INDONESIA # 2019GantiPresiden pic.twitter.com/GJwbxPWLNL,,,#,1.05E+18,https://twitter.com/RajaPurwaBU/status/1054873441449299968,prabowo,positive
,CAK KHUM,CakKhum,10/23/2018 20:37,982,1714,"Selain permintaan maaf seperti saran Gus Solah, kasus ini juga harus di proses hukum, ngomong idiot saja jadi tersangka, jangan tebang pilih, pembakaran bendera tauhid ini sudah melukai hati umat. Jangan cuma cepat ungkap kasus Ratna Sarumpaet, adillah Pak. # 2019GantiPresiden pic.twitter.com/ABgVp6EEF6",,,#,1.05E+18,https://twitter.com/CakKhum/status/1054728525096345606,jokowi,negative
,#RelawanProSandi Official,RelawanProSandi,10/23/2018 20:34,1124,993,Ketemu juga! Ternyata inilah Provokatornya!! Mari kuatkan # AksiBelaKalimatTauhid agar # BanserBertaubatlah jangan jadi # BapakHoaxNasional krn # 4TahunDibohongi Yuks # 2019GantiPresiden # 2019PrabowoSandi Ada yang kenal siapa dia?? # BelaKalimatTauhidpic.twitter.com/wJeaTuY3xh,,,# # # # # # #,1.05E+18,https://twitter.com/RelawanProSandi/status/1054727842460827649,jowowi,negative
,#RanupsPrabowoSandi Akun Official,RanupsProSandi,10/23/2018 19:47,201,374,Gerakan # AksiBelaKalimatTauhid Dimulai # AksiGarutBelaTauhid Diikuti saudara kita # AksiSoloRayaBelaTauhid bergema di Solo 23.10.18 Siapkan diri utk # IndonesiaAdilMakmur # 2019GantiPresiden # 2019PrabowoSandipic.twitter.com/Krb1kUEnxg,,,# # # # # #,1.05E+18,https://twitter.com/RanupsProSandi/status/1054716052628590597,prabowo,positive
,BP‚Ñ¢,BangPino_,10/23/2018 18:34,1381,2853,"Selalu ada trigger buat menyatukan Umat Islam, disitulah Allah memberikan Jalan. Saat 1 Bendera Tauhid kalian bakar, maka serentak bendera itu berkibar diberbagai kota di Indonesia. Terima kasih Banser, kalian menyatukan hati kami..!! # 2019GantiPresiden pic.twitter.com/Og0YCtcb4u",,,#,1.05E+18,https://twitter.com/BangPino_/status/1054697473610932225,jokowi,negative
,#RanupsPrabowoSandi Akun Official,RanupsProSandi,10/23/2018 18:30,987,1558,# AksiGarutBelaTauhid # belakalimattauhid 23.10.18 Gelombang massa Muslim tak terbendung! Wahai # BanserBertaubatlah # BubarkanBanser # 4TahunDibohongi Saatnya Muslim bersatu Jadikan NKRI # IndonesiaAdilMakmur # 2019GantiPresiden # 2019PrabowoSandipic.twitter.com/GS3BMU2SzM,,,# # # # # # # #,1.05E+18,https://twitter.com/RanupsProSandi/status/1054696637430255618,jokowi,negative
,BP‚Ñ¢,BangPino_,10/23/2018 18:27,407,823,"Kita butuh figure dan sosok seorang yg berjiwa Nasionalis yang sdh selesai dengan dirinya. Merdeka dalam memberi keputusan, merdeka dalam menentukan sikap bukan dibawah bayang bayang jadi petugas Partai. Jawabnya @ prabowo Presiden 2019 nanti. # 2019GantiPresiden # PrabowoSandi pic.twitter.com/EOVr7aRddm",,@,# #,1.05E+18,https://twitter.com/BangPino_/status/1054695839510093825,prabowo,positive
,#RelawanProSandi Official,RelawanProSandi,10/23/2018 17:56,375,705,Saat Muslim Bangkit dimulai dari # AksiGarutBertauhid 23.10.18 Mari gemakan # BanserBertaubatlah # BubarkanBanser # 4TahunDibohongi Dan kita mau # 2019GantiPresiden # PrabowoSandipic.twitter.com/3Z8HaYEzhd,,,# # # # # #,1.05E+18,https://twitter.com/RelawanProSandi/status/1054687888246337537,jokowi,negative
,PurwaRaja,RajaPurwaBU,10/23/2018 17:12,61,81,"Bukannya minta maaf malah naikin tagar beginian... Ini gak mau intropeksi diri namanya, SONGONG! Ini sama aja dengan ngundang Aksi muslim Seluruh Indonesia # BanserBertaubatlah # 2019GantiPresiden pic.twitter.com/zxLb94gw0Z",,,# #,1.05E+18,https://twitter.com/RajaPurwaBU/status/1054676995156537344,jokowi,negative
,PurwaRaja,RajaPurwaBU,10/23/2018 14:43,186,212,"Orang ini @ GPAnsor_Satu yang paling bertanggung jawab, dia yang harus minta maaf secara terbuka, dia yang ngajarin dan mendoktrin para anggota Banser itu! Dan merasa gak bersalah dgn kejadian itu! # BanserBertaubatlah # 2019GantiPresiden pic.twitter.com/4KiqBBQJps",,@,# #,1.05E+18,https://twitter.com/RajaPurwaBU/status/1054639482530459648,jokowi,negative
,Opposite6890,opposite6890,10/23/2018 14:41,419,706,KOMEN BEBAS.. ! . KOMEN TERBAIK DAPAT HADIAH.. . HADIAH BAN SEREP . # 2019GantiPresiden # bubarkanbanserpic.twitter.com/trcxwksLMD,,,# #,1.05E+18,https://twitter.com/opposite6890/status/1054638981248241664,jokowi,negative
,PurwaRaja,RajaPurwaBU,10/23/2018 13:41,559,900,"Tum @ GPAnsor_Satu @ savicali @ qitmr ajarin anak buah loe, jgn terlalu pada jumawa, apa loe pade udh hitung kenekatan orang lain? # BanserBertaubatlah # 2019GantiPresiden pic.twitter.com/FdE6PChcaW",,@ @ @,# #,1.05E+18,https://twitter.com/RajaPurwaBU/status/1054623820949024768,jokowi,negative
,BP‚Ñ¢,BangPino_,10/23/2018 13:37,501,1203,"Met Milad Babe @ haikal_hassan Barokallahu Fii Umrik, Mabruk Alfa Mabruk semoga senantiasa diberikan kesehatan dan keistiqomahan dalam berdakwah... Selalu seneng melihat babe dalam berdakwah... Dakwah Kontemporer yang byk diminati jamaah... # 2019GantiPresiden # PrabowoSandipic.twitter.com/27U4VgJd6S",,@,# #,1.05E+18,https://twitter.com/BangPino_/status/1054622794246369280,prabowo,positive
,PurwaRaja,RajaPurwaBU,10/23/2018 12:47,1053,1542,Catat dan sebarkan! Tolong di Cc-in ke Yaqut dkk! Jgn kebanyakan ngeles kek bajay omprengan! :-) MUI menilai bendera yang dibakar oknum Banser NU berkalimat Tauhid # BanserBertaubatlah # 2019GantiPresiden pic.twitter.com/Z7JNwrmiLo,,,# #,1.05E+18,https://twitter.com/RajaPurwaBU/status/1054610206972243968,jokowi,negative
,‚ÄúZEPRET‚Äù,Neng_Zepret,10/23/2018 12:05,843,1236,"Ma sya Allah ini Tanggapan @ aagym Tentang Pembakaran Bendera Tauhid di Garut ‚ÄúBenar‚Äù Hati ini Terluka,Pedih,Amarah, Namun Syukurlah kasusnya sdh ditangani..Semoga # 2019GantiPresiden biar Indonesia # AdilMakmur Aa..pic.twitter.com/3eCN5NQkIj",,@,# #,1.05E+18,https://twitter.com/Neng_Zepret/status/1054599719823990784,jokowi,negative
,‚ÄúZEPRET‚Äù,Neng_Zepret,10/23/2018 9:42,1012,1780,Cuplikan Video Cak Nun Angkat Bicara Mengenai Pembakaran Bendera Tauhid oleh Oknum Banser..Yaa Allah jk melihat situasi sekarang rasanya pingin buru‚Äù # 2019GantiPresiden Semoga # 2019PrabowoSandi jd Pasangan Pemimpin Indonesia agr # AdilMakmur Tentram srt Damaipic.twitter.com/0x8GPOR7fK,,,# # #,1.05E+18,https://twitter.com/Neng_Zepret/status/1054563740916404224,jokowi,negative
,CAK KHUM,CakKhum,10/22/2018 22:47,1230,1688,"Versi Ketua GP Ansor: Melihat Bendera berceceran lalu diselematkan Dari pada bendera tsb jatuh ke tempat tdk semestinya maka bendera itu lebih baik dibakar TVone: Kenapa di bakar, bisa saja kan dilipat lalu di simpan? Eh ujung-ujungnya alasan Bendera HTI # 2019GantiPresiden pic.twitter.com/UH8WMr14Bk",,,#,1.05E+18,https://twitter.com/CakKhum/status/1054398953590910976,jokowi,negative
,üíôI C E Süíô,ices_tea,10/22/2018 22:26,321,417,"Woiiii @ GPAnsor_Satu lu simak nih video dibawah, Polisi aja gak ngelarang, kalian pikir siapa gerombolan kalian itu, bisa seenaknya aja melakukan sweeping2 di Indonesia? # BubarkanBanser # 2019GantiPresiden pic.twitter.com/6ey7gw8eh6",,@,# #,1.05E+18,https://twitter.com/ices_tea/status/1054393647410507776,jokowi,negative
,jundiNews,newsjundi,10/22/2018 7:17,494,863,"Lautan ummat, Ulama, Kyai dan Habaib dukung Prabowo Sandi di Alun-alun Jogjakarta 20 Okt 2018 Pukul 20.:00 Wib # 2019GantiPresiden # 2019prabowoSandipic.twitter.com/Anem2wnsb3",,,# #,1.05E+18,https://twitter.com/newsjundi/status/1054164686613098496,prabowo,positive
,Michel Adam,MichelaniaAdam,10/24/2018 8:35,132,309,"Selamat bermedsos, Temans Kita promosikan kebaikan2 Pak Prabowo Kita promosikan kebaikan2 Mas Sandi. Kita promosikan partai2 Koalisi Adil Makmur: PAN, PKS, Demokrat, Gerindra Kita promosikan caleg2 PAN, PKS, Demokrat dan Gerindra # 2019GantiPresiden # 2019PrabowoSandi",,,# #,1.05E+18,https://twitter.com/MichelaniaAdam/status/1054909158565105664,prabowo,positive
,PurwaRaja,RajaPurwaBU,10/24/2018 6:13,101,218,SERUAN!!! HABIB RIZIEQ SHIHAB GELAR AKSI BELA TAUHID DI SELURUH INDONESIA # 2019GantiPresiden pic.twitter.com/GJwbxPWLNL,,,#,1.05E+18,https://twitter.com/RajaPurwaBU/status/1054873441449299968,prabowo,positive
,CAK KHUM,CakKhum,10/23/2018 20:37,982,1714,"Selain permintaan maaf seperti saran Gus Solah, kasus ini juga harus di proses hukum, ngomong idiot saja jadi tersangka, jangan tebang pilih, pembakaran bendera tauhid ini sudah melukai hati umat. Jangan cuma cepat ungkap kasus Ratna Sarumpaet, adillah Pak. # 2019GantiPresiden pic.twitter.com/ABgVp6EEF6",,,#,1.05E+18,https://twitter.com/CakKhum/status/1054728525096345606,jokowi,negative
,#RelawanProSandi Official,RelawanProSandi,10/23/2018 20:34,1124,993,Ketemu juga! Ternyata inilah Provokatornya!! Mari kuatkan # AksiBelaKalimatTauhid agar # BanserBertaubatlah jangan jadi # BapakHoaxNasional krn # 4TahunDibohongi Yuks # 2019GantiPresiden # 2019PrabowoSandi Ada yang kenal siapa dia?? # BelaKalimatTauhidpic.twitter.com/wJeaTuY3xh,,,# # # # # # #,1.05E+18,https://twitter.com/RelawanProSandi/status/1054727842460827649,jokowi,negative
,#RanupsPrabowoSandi Akun Official,RanupsProSandi,10/23/2018 19:47,201,374,Gerakan # AksiBelaKalimatTauhid Dimulai # AksiGarutBelaTauhid Diikuti saudara kita # AksiSoloRayaBelaTauhid bergema di Solo 23.10.18 Siapkan diri utk # IndonesiaAdilMakmur # 2019GantiPresiden # 2019PrabowoSandipic.twitter.com/Krb1kUEnxg,,,# # # # # #,1.05E+18,https://twitter.com/RanupsProSandi/status/1054716052628590597,jokowi,negative
,BP‚Ñ¢,BangPino_,10/23/2018 18:34,1381,2853,"Selalu ada trigger buat menyatukan Umat Islam, disitulah Allah memberikan Jalan. Saat 1 Bendera Tauhid kalian bakar, maka serentak bendera itu berkibar diberbagai kota di Indonesia. Terima kasih Banser, kalian menyatukan hati kami..!! # 2019GantiPresiden pic.twitter.com/Og0YCtcb4u",,,#,1.05E+18,https://twitter.com/BangPino_/status/1054697473610932225,jokowi,negative
,#RanupsPrabowoSandi Akun Official,RanupsProSandi,10/23/2018 18:30,987,1558,# AksiGarutBelaTauhid # belakalimattauhid 23.10.18 Gelombang massa Muslim tak terbendung! Wahai # BanserBertaubatlah # BubarkanBanser # 4TahunDibohongi Saatnya Muslim bersatu Jadikan NKRI # IndonesiaAdilMakmur # 2019GantiPresiden # 2019PrabowoSandipic.twitter.com/GS3BMU2SzM,,,# # # # # # # #,1.05E+18,https://twitter.com/RanupsProSandi/status/1054696637430255618,jokowi,negative
,BP‚Ñ¢,BangPino_,10/23/2018 18:27,407,823,"Kita butuh figure dan sosok seorang yg berjiwa Nasionalis yang sdh selesai dengan dirinya. Merdeka dalam memberi keputusan, merdeka dalam menentukan sikap bukan dibawah bayang bayang jadi petugas Partai. Jawabnya @ prabowo Presiden 2019 nanti. # 2019GantiPresiden # PrabowoSandi pic.twitter.com/EOVr7aRddm",,@,# #,1.05E+18,https://twitter.com/BangPino_/status/1054695839510093825,prabowo,positive
,#RelawanProSandi Official,RelawanProSandi,10/23/2018 17:56,375,705,Saat Muslim Bangkit dimulai dari # AksiGarutBertauhid 23.10.18 Mari gemakan # BanserBertaubatlah # BubarkanBanser # 4TahunDibohongi Dan kita mau # 2019GantiPresiden # PrabowoSandipic.twitter.com/3Z8HaYEzhd,,,# # # # # #,1.05E+18,https://twitter.com/RelawanProSandi/status/1054687888246337537,jokowi,negative
,PurwaRaja,RajaPurwaBU,10/23/2018 17:12,61,81,"Bukannya minta maaf malah naikin tagar beginian... Ini gak mau intropeksi diri namanya, SONGONG! Ini sama aja dengan ngundang Aksi muslim Seluruh Indonesia # BanserBertaubatlah # 2019GantiPresiden pic.twitter.com/zxLb94gw0Z",,,# #,1.05E+18,https://twitter.com/RajaPurwaBU/status/1054676995156537344,jokowi,negative
,PurwaRaja,RajaPurwaBU,10/23/2018 14:43,186,212,"Orang ini @ GPAnsor_Satu yang paling bertanggung jawab, dia yang harus minta maaf secara terbuka, dia yang ngajarin dan mendoktrin para anggota Banser itu! Dan merasa gak bersalah dgn kejadian itu! # BanserBertaubatlah # 2019GantiPresiden pic.twitter.com/4KiqBBQJps",,@,# #,1.05E+18,https://twitter.com/RajaPurwaBU/status/1054639482530459648,jokowi,negative
,Opposite6890,opposite6890,10/23/2018 14:41,419,706,KOMEN BEBAS.. ! . KOMEN TERBAIK DAPAT HADIAH.. . HADIAH BAN SEREP . # 2019GantiPresiden # bubarkanbanserpic.twitter.com/trcxwksLMD,,,# #,1.05E+18,https://twitter.com/opposite6890/status/1054638981248241664,jokowi,negative
,PurwaRaja,RajaPurwaBU,10/23/2018 13:41,559,900,"Tum @ GPAnsor_Satu @ savicali @ qitmr ajarin anak buah loe, jgn terlalu pada jumawa, apa loe pade udh hitung kenekatan orang lain? # BanserBertaubatlah # 2019GantiPresiden pic.twitter.com/FdE6PChcaW",,@ @ @,# #,1.05E+18,https://twitter.com/RajaPurwaBU/status/1054623820949024768,jokowi,negative
,BP‚Ñ¢,BangPino_,10/23/2018 13:37,501,1203,"Met Milad Babe @ haikal_hassan Barokallahu Fii Umrik, Mabruk Alfa Mabruk semoga senantiasa diberikan kesehatan dan keistiqomahan dalam berdakwah... Selalu seneng melihat babe dalam berdakwah... Dakwah Kontemporer yang byk diminati jamaah... # 2019GantiPresiden # PrabowoSandipic.twitter.com/27U4VgJd6S",,@,# #,1.05E+18,https://twitter.com/BangPino_/status/1054622794246369280,prabowo,positive
,PurwaRaja,RajaPurwaBU,10/23/2018 12:47,1053,1542,Catat dan sebarkan! Tolong di Cc-in ke Yaqut dkk! Jgn kebanyakan ngeles kek bajay omprengan! :-) MUI menilai bendera yang dibakar oknum Banser NU berkalimat Tauhid # BanserBertaubatlah # 2019GantiPresiden pic.twitter.com/Z7JNwrmiLo,,,# #,1.05E+18,https://twitter.com/RajaPurwaBU/status/1054610206972243968,jokowi,negative
,‚ÄúZEPRET‚Äù,Neng_Zepret,10/23/2018 12:05,843,1236,"Ma sya Allah ini Tanggapan @ aagym Tentang Pembakaran Bendera Tauhid di Garut ‚ÄúBenar‚Äù Hati ini Terluka,Pedih,Amarah, Namun Syukurlah kasusnya sdh ditangani..Semoga # 2019GantiPresiden biar Indonesia # AdilMakmur Aa..pic.twitter.com/3eCN5NQkIj",,@,# #,1.05E+18,https://twitter.com/Neng_Zepret/status/1054599719823990784,jokowi,negative
,‚ÄúZEPRET‚Äù,Neng_Zepret,10/23/2018 9:42,1012,1780,Cuplikan Video Cak Nun Angkat Bicara Mengenai Pembakaran Bendera Tauhid oleh Oknum Banser..Yaa Allah jk melihat situasi sekarang rasanya pingin buru‚Äù # 2019GantiPresiden Semoga # 2019PrabowoSandi jd Pasangan Pemimpin Indonesia agr # AdilMakmur Tentram srt Damaipic.twitter.com/0x8GPOR7fK,,,# # #,1.05E+18,https://twitter.com/Neng_Zepret/status/1054563740916404224,prabowo,positive
,CAK KHUM,CakKhum,10/22/2018 22:47,1230,1688,"Versi Ketua GP Ansor: Melihat Bendera berceceran lalu diselematkan Dari pada bendera tsb jatuh ke tempat tdk semestinya maka bendera itu lebih baik dibakar TVone: Kenapa di bakar, bisa saja kan dilipat lalu di simpan? Eh ujung-ujungnya alasan Bendera HTI # 2019GantiPresiden pic.twitter.com/UH8WMr14Bk",,,#,1.05E+18,https://twitter.com/CakKhum/status/1054398953590910976,jokowi,negative
,üíôI C E Süíô,ices_tea,10/22/2018 22:26,321,417,"Woiiii @ GPAnsor_Satu lu simak nih video dibawah, Polisi aja gak ngelarang, kalian pikir siapa gerombolan kalian itu, bisa seenaknya aja melakukan sweeping2 di Indonesia? # BubarkanBanser # 2019GantiPresiden pic.twitter.com/6ey7gw8eh6",,@,# #,1.05E+18,https://twitter.com/ices_tea/status/1054393647410507776,jokowi,negative
,jundiNews,newsjundi,10/22/2018 7:17,494,863,"Lautan ummat, Ulama, Kyai dan Habaib dukung Prabowo Sandi di Alun-alun Jogjakarta 20 Okt 2018 Pukul 20.:00 Wib # 2019GantiPresiden # 2019prabowoSandipic.twitter.com/Anem2wnsb3",,,# #,1.05E+18,https://twitter.com/newsjundi/status/1054164686613098496,prabowo,positive
,Michel Adam,MichelaniaAdam,10/24/2018 8:35,132,310,"Selamat bermedsos, Temans Kita promosikan kebaikan2 Pak Prabowo Kita promosikan kebaikan2 Mas Sandi. Kita promosikan partai2 Koalisi Adil Makmur: PAN, PKS, Demokrat, Gerindra Kita promosikan caleg2 PAN, PKS, Demokrat dan Gerindra # 2019GantiPresiden # 2019PrabowoSandi",,,# #,1.05E+18,https://twitter.com/MichelaniaAdam/status/1054909158565105664,prabowo,positive
,PurwaRaja,RajaPurwaBU,10/24/2018 6:13,101,218,SERUAN!!! HABIB RIZIEQ SHIHAB GELAR AKSI BELA TAUHID DI SELURUH INDONESIA # 2019GantiPresiden pic.twitter.com/GJwbxPWLNL,,,#,1.05E+18,https://twitter.com/RajaPurwaBU/status/1054873441449299968,jokowi,negative
,CAK KHUM,CakKhum,10/23/2018 20:37,982,1714,"Selain permintaan maaf seperti saran Gus Solah, kasus ini juga harus di proses hukum, ngomong idiot saja jadi tersangka, jangan tebang pilih, pembakaran bendera tauhid ini sudah melukai hati umat. Jangan cuma cepat ungkap kasus Ratna Sarumpaet, adillah Pak. # 2019GantiPresiden pic.twitter.com/ABgVp6EEF6",,,#,1.05E+18,https://twitter.com/CakKhum/status/1054728525096345606,jokowi,negative
,#RelawanProSandi Official,RelawanProSandi,10/23/2018 20:34,1124,993,Ketemu juga! Ternyata inilah Provokatornya!! Mari kuatkan # AksiBelaKalimatTauhid agar # BanserBertaubatlah jangan jadi # BapakHoaxNasional krn # 4TahunDibohongi Yuks # 2019GantiPresiden # 2019PrabowoSandi Ada yang kenal siapa dia?? # BelaKalimatTauhidpic.twitter.com/wJeaTuY3xh,,,# # # # # # #,1.05E+18,https://twitter.com/RelawanProSandi/status/1054727842460827649,jokowi,negative
,#RanupsPrabowoSandi Akun Official,RanupsProSandi,10/23/2018 19:47,201,374,Gerakan # AksiBelaKalimatTauhid Dimulai # AksiGarutBelaTauhid Diikuti saudara kita # AksiSoloRayaBelaTauhid bergema di Solo 23.10.18 Siapkan diri utk # IndonesiaAdilMakmur # 2019GantiPresiden # 2019PrabowoSandipic.twitter.com/Krb1kUEnxg,,,# # # # # #,1.05E+18,https://twitter.com/RanupsProSandi/status/1054716052628590597,jokowi,negative
,BP‚Ñ¢,BangPino_,10/23/2018 18:34,1381,2853,"Selalu ada trigger buat menyatukan Umat Islam, disitulah Allah memberikan Jalan. Saat 1 Bendera Tauhid kalian bakar, maka serentak bendera itu berkibar diberbagai kota di Indonesia. Terima kasih Banser, kalian menyatukan hati kami..!! # 2019GantiPresiden pic.twitter.com/Og0YCtcb4u",,,#,1.05E+18,https://twitter.com/BangPino_/status/1054697473610932225,jokowi,negative
,#RanupsPrabowoSandi Akun Official,RanupsProSandi,10/23/2018 18:30,987,1558,# AksiGarutBelaTauhid # belakalimattauhid 23.10.18 Gelombang massa Muslim tak terbendung! Wahai # BanserBertaubatlah # BubarkanBanser # 4TahunDibohongi Saatnya Muslim bersatu Jadikan NKRI # IndonesiaAdilMakmur # 2019GantiPresiden # 2019PrabowoSandipic.twitter.com/GS3BMU2SzM,,,# # # # # # # #,1.05E+18,https://twitter.com/RanupsProSandi/status/1054696637430255618,jokowi,negative
,BP‚Ñ¢,BangPino_,10/23/2018 18:27,407,823,"Kita butuh figure dan sosok seorang yg berjiwa Nasionalis yang sdh selesai dengan dirinya. Merdeka dalam memberi keputusan, merdeka dalam menentukan sikap bukan dibawah bayang bayang jadi petugas Partai. Jawabnya @ prabowo Presiden 2019 nanti. # 2019GantiPresiden # PrabowoSandi pic.twitter.com/EOVr7aRddm",,@,# #,1.05E+18,https://twitter.com/BangPino_/status/1054695839510093825,prabowo,positive
,#RelawanProSandi Official,RelawanProSandi,10/23/2018 17:56,375,705,Saat Muslim Bangkit dimulai dari # AksiGarutBertauhid 23.10.18 Mari gemakan # BanserBertaubatlah # BubarkanBanser # 4TahunDibohongi Dan kita mau # 2019GantiPresiden # PrabowoSandipic.twitter.com/3Z8HaYEzhd,,,# # # # # #,1.05E+18,https://twitter.com/RelawanProSandi/status/1054687888246337537,jokowi,negative
,PurwaRaja,RajaPurwaBU,10/23/2018 17:12,61,81,"Bukannya minta maaf malah naikin tagar beginian... Ini gak mau intropeksi diri namanya, SONGONG! Ini sama aja dengan ngundang Aksi muslim Seluruh Indonesia # BanserBertaubatlah # 2019GantiPresiden pic.twitter.com/zxLb94gw0Z",,,# #,1.05E+18,https://twitter.com/RajaPurwaBU/status/1054676995156537344,jokowi,negative
,PurwaRaja,RajaPurwaBU,10/23/2018 14:43,186,212,"Orang ini @ GPAnsor_Satu yang paling bertanggung jawab, dia yang harus minta maaf secara terbuka, dia yang ngajarin dan mendoktrin para anggota Banser itu! Dan merasa gak bersalah dgn kejadian itu! # BanserBertaubatlah # 2019GantiPresiden pic.twitter.com/4KiqBBQJps",,@,# #,1.05E+18,https://twitter.com/RajaPurwaBU/status/1054639482530459648,jokowi,negative
,Opposite6890,opposite6890,10/23/2018 14:41,419,706,KOMEN BEBAS.. ! . KOMEN TERBAIK DAPAT HADIAH.. . HADIAH BAN SEREP . # 2019GantiPresiden # bubarkanbanserpic.twitter.com/trcxwksLMD,,,# #,1.05E+18,https://twitter.com/opposite6890/status/1054638981248241664,jokowi,negative
,PurwaRaja,RajaPurwaBU,10/23/2018 13:41,559,900,"Tum @ GPAnsor_Satu @ savicali @ qitmr ajarin anak buah loe, jgn terlalu pada jumawa, apa loe pade udh hitung kenekatan orang lain? # BanserBertaubatlah # 2019GantiPresiden pic.twitter.com/FdE6PChcaW",,@ @ @,# #,1.05E+18,https://twitter.com/RajaPurwaBU/status/1054623820949024768,prabowo,positive
,BP‚Ñ¢,BangPino_,10/23/2018 13:37,501,1203,"Met Milad Babe @ haikal_hassan Barokallahu Fii Umrik, Mabruk Alfa Mabruk semoga senantiasa diberikan kesehatan dan keistiqomahan dalam berdakwah... Selalu seneng melihat babe dalam berdakwah... Dakwah Kontemporer yang byk diminati jamaah... # 2019GantiPresiden # PrabowoSandipic.twitter.com/27U4VgJd6S",,@,# #,1.05E+18,https://twitter.com/BangPino_/status/1054622794246369280,prabowo,positive
,PurwaRaja,RajaPurwaBU,10/23/2018 12:47,1053,1542,Catat dan sebarkan! Tolong di Cc-in ke Yaqut dkk! Jgn kebanyakan ngeles kek bajay omprengan! :-) MUI menilai bendera yang dibakar oknum Banser NU berkalimat Tauhid # BanserBertaubatlah # 2019GantiPresiden pic.twitter.com/Z7JNwrmiLo,,,# #,1.05E+18,https://twitter.com/RajaPurwaBU/status/1054610206972243968,jokowi,negative
,‚ÄúZEPRET‚Äù,Neng_Zepret,10/23/2018 12:05,843,1236,"Ma sya Allah ini Tanggapan @ aagym Tentang Pembakaran Bendera Tauhid di Garut ‚ÄúBenar‚Äù Hati ini Terluka,Pedih,Amarah, Namun Syukurlah kasusnya sdh ditangani..Semoga # 2019GantiPresiden biar Indonesia # AdilMakmur Aa..pic.twitter.com/3eCN5NQkIj",,@,# #,1.05E+18,https://twitter.com/Neng_Zepret/status/1054599719823990784,jokowi,negative
,‚ÄúZEPRET‚Äù,Neng_Zepret,10/23/2018 9:42,1012,1780,Cuplikan Video Cak Nun Angkat Bicara Mengenai Pembakaran Bendera Tauhid oleh Oknum Banser..Yaa Allah jk melihat situasi sekarang rasanya pingin buru‚Äù # 2019GantiPresiden Semoga # 2019PrabowoSandi jd Pasangan Pemimpin Indonesia agr # AdilMakmur Tentram srt Damaipic.twitter.com/0x8GPOR7fK,,,# # #,1.05E+18,https://twitter.com/Neng_Zepret/status/1054563740916404224,jokowi,negative
,CAK KHUM,CakKhum,10/22/2018 22:47,1230,1688,"Versi Ketua GP Ansor: Melihat Bendera berceceran lalu diselematkan Dari pada bendera tsb jatuh ke tempat tdk semestinya maka bendera itu lebih baik dibakar TVone: Kenapa di bakar, bisa saja kan dilipat lalu di simpan? Eh ujung-ujungnya alasan Bendera HTI # 2019GantiPresiden pic.twitter.com/UH8WMr14Bk",,,#,1.05E+18,https://twitter.com/CakKhum/status/1054398953590910976,jokowi,negative
,üíôI C E Süíô,ices_tea,10/22/2018 22:26,321,417,"Woiiii @ GPAnsor_Satu lu simak nih video dibawah, Polisi aja gak ngelarang, kalian pikir siapa gerombolan kalian itu, bisa seenaknya aja melakukan sweeping2 di Indonesia? # BubarkanBanser # 2019GantiPresiden pic.twitter.com/6ey7gw8eh6",,@,# #,1.05E+18,https://twitter.com/ices_tea/status/1054393647410507776,jokowi,negative
,jundiNews,newsjundi,10/22/2018 7:17,494,863,"Lautan ummat, Ulama, Kyai dan Habaib dukung Prabowo Sandi di Alun-alun Jogjakarta 20 Okt 2018 Pukul 20.:00 Wib # 2019GantiPresiden # 2019prabowoSandipic.twitter.com/Anem2wnsb3",,,# #,1.05E+18,https://twitter.com/newsjundi/status/1054164686613098496,prabowo,positive
,Michel Adam,MichelaniaAdam,10/24/2018 8:35,132,310,"Selamat bermedsos, Temans Kita promosikan kebaikan2 Pak Prabowo Kita promosikan kebaikan2 Mas Sandi. Kita promosikan partai2 Koalisi Adil Makmur: PAN, PKS, Demokrat, Gerindra Kita promosikan caleg2 PAN, PKS, Demokrat dan Gerindra # 2019GantiPresiden # 2019PrabowoSandi",,,# #,1.05E+18,https://twitter.com/MichelaniaAdam/status/1054909158565105664,prabowo,positive
,PurwaRaja,RajaPurwaBU,10/24/2018 6:13,101,218,SERUAN!!! HABIB RIZIEQ SHIHAB GELAR AKSI BELA TAUHID DI SELURUH INDONESIA # 2019GantiPresiden pic.twitter.com/GJwbxPWLNL,,,#,1.05E+18,https://twitter.com/RajaPurwaBU/status/1054873441449299968,jokowi,negative
,CAK KHUM,CakKhum,10/23/2018 20:37,982,1714,"Selain permintaan maaf seperti saran Gus Solah, kasus ini juga harus di proses hukum, ngomong idiot saja jadi tersangka, jangan tebang pilih, pembakaran bendera tauhid ini sudah melukai hati umat. Jangan cuma cepat ungkap kasus Ratna Sarumpaet, adillah Pak. # 2019GantiPresiden pic.twitter.com/ABgVp6EEF6",,,#,1.05E+18,https://twitter.com/CakKhum/status/1054728525096345606,jokowi,negative
,#RelawanProSandi Official,RelawanProSandi,10/23/2018 20:34,1124,993,Ketemu juga! Ternyata inilah Provokatornya!! Mari kuatkan # AksiBelaKalimatTauhid agar # BanserBertaubatlah jangan jadi # BapakHoaxNasional krn # 4TahunDibohongi Yuks # 2019GantiPresiden # 2019PrabowoSandi Ada yang kenal siapa dia?? # BelaKalimatTauhidpic.twitter.com/wJeaTuY3xh,,,# # # # # # #,1.05E+18,https://twitter.com/RelawanProSandi/status/1054727842460827649,jokowi,negative
,#RanupsPrabowoSandi Akun Official,RanupsProSandi,10/23/2018 19:47,201,374,Gerakan # AksiBelaKalimatTauhid Dimulai # AksiGarutBelaTauhid Diikuti saudara kita # AksiSoloRayaBelaTauhid bergema di Solo 23.10.18 Siapkan diri utk # IndonesiaAdilMakmur # 2019GantiPresiden # 2019PrabowoSandipic.twitter.com/Krb1kUEnxg,,,# # # # # #,1.05E+18,https://twitter.com/RanupsProSandi/status/1054716052628590597,jokowi,negative
,BP‚Ñ¢,BangPino_,10/23/2018 18:34,1381,2853,"Selalu ada trigger buat menyatukan Umat Islam, disitulah Allah memberikan Jalan. Saat 1 Bendera Tauhid kalian bakar, maka serentak bendera itu berkibar diberbagai kota di Indonesia. Terima kasih Banser, kalian menyatukan hati kami..!! # 2019GantiPresiden pic.twitter.com/Og0YCtcb4u",,,#,1.05E+18,https://twitter.com/BangPino_/status/1054697473610932225,jokowi,negative
,#RanupsPrabowoSandi Akun Official,RanupsProSandi,10/23/2018 18:30,987,1558,# AksiGarutBelaTauhid # belakalimattauhid 23.10.18 Gelombang massa Muslim tak terbendung! Wahai # BanserBertaubatlah # BubarkanBanser # 4TahunDibohongi Saatnya Muslim bersatu Jadikan NKRI # IndonesiaAdilMakmur # 2019GantiPresiden # 2019PrabowoSandipic.twitter.com/GS3BMU2SzM,,,# # # # # # # #,1.05E+18,https://twitter.com/RanupsProSandi/status/1054696637430255618,jokowi,negative
,BP‚Ñ¢,BangPino_,10/23/2018 18:27,407,823,"Kita butuh figure dan sosok seorang yg berjiwa Nasionalis yang sdh selesai dengan dirinya. Merdeka dalam memberi keputusan, merdeka dalam menentukan sikap bukan dibawah bayang bayang jadi petugas Partai. Jawabnya @ prabowo Presiden 2019 nanti. # 2019GantiPresiden # PrabowoSandi pic.twitter.com/EOVr7aRddm",,@,# #,1.05E+18,https://twitter.com/BangPino_/status/1054695839510093825,prabowo,positive
,#RelawanProSandi Official,RelawanProSandi,10/23/2018 17:56,375,705,Saat Muslim Bangkit dimulai dari # AksiGarutBertauhid 23.10.18 Mari gemakan # BanserBertaubatlah # BubarkanBanser # 4TahunDibohongi Dan kita mau # 2019GantiPresiden # PrabowoSandipic.twitter.com/3Z8HaYEzhd,,,# # # # # #,1.05E+18,https://twitter.com/RelawanProSandi/status/1054687888246337537,jokowi,negative
,PurwaRaja,RajaPurwaBU,10/23/2018 17:12,61,81,"Bukannya minta maaf malah naikin tagar beginian... Ini gak mau intropeksi diri namanya, SONGONG! Ini sama aja dengan ngundang Aksi muslim Seluruh Indonesia # BanserBertaubatlah # 2019GantiPresiden pic.twitter.com/zxLb94gw0Z",,,# #,1.05E+18,https://twitter.com/RajaPurwaBU/status/1054676995156537344,jokowi,negative
,PurwaRaja,RajaPurwaBU,10/23/2018 14:43,186,212,"Orang ini @ GPAnsor_Satu yang paling bertanggung jawab, dia yang harus minta maaf secara terbuka, dia yang ngajarin dan mendoktrin para anggota Banser itu! Dan merasa gak bersalah dgn kejadian itu! # BanserBertaubatlah # 2019GantiPresiden pic.twitter.com/4KiqBBQJps",,@,# #,1.05E+18,https://twitter.com/RajaPurwaBU/status/1054639482530459648,jokowi,positive
,Opposite6890,opposite6890,10/23/2018 14:41,419,706,KOMEN BEBAS.. ! . KOMEN TERBAIK DAPAT HADIAH.. . HADIAH BAN SEREP . # 2019GantiPresiden # bubarkanbanserpic.twitter.com/trcxwksLMD,,,# #,1.05E+18,https://twitter.com/opposite6890/status/1054638981248241664,jokowi,negative
,PurwaRaja,RajaPurwaBU,10/23/2018 13:41,559,900,"Tum @ GPAnsor_Satu @ savicali @ qitmr ajarin anak buah loe, jgn terlalu pada jumawa, apa loe pade udh hitung kenekatan orang lain? # BanserBertaubatlah # 2019GantiPresiden pic.twitter.com/FdE6PChcaW",,@ @ @,# #,1.05E+18,https://twitter.com/RajaPurwaBU/status/1054623820949024768,jokowi,negative
,BP‚Ñ¢,BangPino_,10/23/2018 13:37,501,1203,"Met Milad Babe @ haikal_hassan Barokallahu Fii Umrik, Mabruk Alfa Mabruk semoga senantiasa diberikan kesehatan dan keistiqomahan dalam berdakwah... Selalu seneng melihat babe dalam berdakwah... Dakwah Kontemporer yang byk diminati jamaah... # 2019GantiPresiden # PrabowoSandipic.twitter.com/27U4VgJd6S",,@,# #,1.05E+18,https://twitter.com/BangPino_/status/1054622794246369280,prabowo,positive
,PurwaRaja,RajaPurwaBU,10/23/2018 12:47,1053,1542,Catat dan sebarkan! Tolong di Cc-in ke Yaqut dkk! Jgn kebanyakan ngeles kek bajay omprengan! :-) MUI menilai bendera yang dibakar oknum Banser NU berkalimat Tauhid # BanserBertaubatlah # 2019GantiPresiden pic.twitter.com/Z7JNwrmiLo,,,# #,1.05E+18,https://twitter.com/RajaPurwaBU/status/1054610206972243968,jokowi,negative
,‚ÄúZEPRET‚Äù,Neng_Zepret,10/23/2018 12:05,843,1236,"Ma sya Allah ini Tanggapan @ aagym Tentang Pembakaran Bendera Tauhid di Garut ‚ÄúBenar‚Äù Hati ini Terluka,Pedih,Amarah, Namun Syukurlah kasusnya sdh ditangani..Semoga # 2019GantiPresiden biar Indonesia # AdilMakmur Aa..pic.twitter.com/3eCN5NQkIj",,@,# #,1.05E+18,https://twitter.com/Neng_Zepret/status/1054599719823990784,jokowi,negative
,‚ÄúZEPRET‚Äù,Neng_Zepret,10/23/2018 9:42,1012,1780,Cuplikan Video Cak Nun Angkat Bicara Mengenai Pembakaran Bendera Tauhid oleh Oknum Banser..Yaa Allah jk melihat situasi sekarang rasanya pingin buru‚Äù # 2019GantiPresiden Semoga # 2019PrabowoSandi jd Pasangan Pemimpin Indonesia agr # AdilMakmur Tentram srt Damaipic.twitter.com/0x8GPOR7fK,,,# # #,1.05E+18,https://twitter.com/Neng_Zepret/status/1054563740916404224,jokowi,positive
,CAK KHUM,CakKhum,10/22/2018 22:47,1230,1688,"Versi Ketua GP Ansor: Melihat Bendera berceceran lalu diselematkan Dari pada bendera tsb jatuh ke tempat tdk semestinya maka bendera itu lebih baik dibakar TVone: Kenapa di bakar, bisa saja kan dilipat lalu di simpan? Eh ujung-ujungnya alasan Bendera HTI # 2019GantiPresiden pic.twitter.com/UH8WMr14Bk",,,#,1.05E+18,https://twitter.com/CakKhum/status/1054398953590910976,jokowi,negative
,üíôI C E Süíô,ices_tea,10/22/2018 22:26,321,417,"Woiiii @ GPAnsor_Satu lu simak nih video dibawah, Polisi aja gak ngelarang, kalian pikir siapa gerombolan kalian itu, bisa seenaknya aja melakukan sweeping2 di Indonesia? # BubarkanBanser # 2019GantiPresiden pic.twitter.com/6ey7gw8eh6",,@,# #,1.05E+18,https://twitter.com/ices_tea/status/1054393647410507776,jokowi,negative
,jundiNews,newsjundi,10/22/2018 7:17,494,863,"Lautan ummat, Ulama, Kyai dan Habaib dukung Prabowo Sandi di Alun-alun Jogjakarta 20 Okt 2018 Pukul 20.:00 Wib # 2019GantiPresiden # 2019prabowoSandipic.twitter.com/Anem2wnsb3",,,# #,1.05E+18,https://twitter.com/newsjundi/status/1054164686613098496,prabowo,positive
,Michel Adam,MichelaniaAdam,10/24/2018 8:35,132,310,"Selamat bermedsos, Temans Kita promosikan kebaikan2 Pak Prabowo Kita promosikan kebaikan2 Mas Sandi. Kita promosikan partai2 Koalisi Adil Makmur: PAN, PKS, Demokrat, Gerindra Kita promosikan caleg2 PAN, PKS, Demokrat dan Gerindra # 2019GantiPresiden # 2019PrabowoSandi",,,# #,1.05E+18,https://twitter.com/MichelaniaAdam/status/1054909158565105664,prabowo,positive
,PurwaRaja,RajaPurwaBU,10/24/2018 6:13,101,218,SERUAN!!! HABIB RIZIEQ SHIHAB GELAR AKSI BELA TAUHID DI SELURUH INDONESIA # 2019GantiPresiden pic.twitter.com/GJwbxPWLNL,,,#,1.05E+18,https://twitter.com/RajaPurwaBU/status/1054873441449299968,jokowi,negative
,CAK KHUM,CakKhum,10/23/2018 20:37,982,1714,"Selain permintaan maaf seperti saran Gus Solah, kasus ini juga harus di proses hukum, ngomong idiot saja jadi tersangka, jangan tebang pilih, pembakaran bendera tauhid ini sudah melukai hati umat. Jangan cuma cepat ungkap kasus Ratna Sarumpaet, adillah Pak. # 2019GantiPresiden pic.twitter.com/ABgVp6EEF6",,,#,1.05E+18,https://twitter.com/CakKhum/status/1054728525096345606,jokowi,negative
,#RelawanProSandi Official,RelawanProSandi,10/23/2018 20:34,1124,993,Ketemu juga! Ternyata inilah Provokatornya!! Mari kuatkan # AksiBelaKalimatTauhid agar # BanserBertaubatlah jangan jadi # BapakHoaxNasional krn # 4TahunDibohongi Yuks # 2019GantiPresiden # 2019PrabowoSandi Ada yang kenal siapa dia?? # BelaKalimatTauhidpic.twitter.com/wJeaTuY3xh,,,# # # # # # #,1.05E+18,https://twitter.com/RelawanProSandi/status/1054727842460827649,jokowi,negative
,#RanupsPrabowoSandi Akun Official,RanupsProSandi,10/23/2018 19:47,201,374,Gerakan # AksiBelaKalimatTauhid Dimulai # AksiGarutBelaTauhid Diikuti saudara kita # AksiSoloRayaBelaTauhid bergema di Solo 23.10.18 Siapkan diri utk # IndonesiaAdilMakmur # 2019GantiPresiden # 2019PrabowoSandipic.twitter.com/Krb1kUEnxg,,,# # # # # #,1.05E+18,https://twitter.com/RanupsProSandi/status/1054716052628590597,prabowo,positive
,BP‚Ñ¢,BangPino_,10/23/2018 18:34,1381,2853,"Selalu ada trigger buat menyatukan Umat Islam, disitulah Allah memberikan Jalan. Saat 1 Bendera Tauhid kalian bakar, maka serentak bendera itu berkibar diberbagai kota di Indonesia. Terima kasih Banser, kalian menyatukan hati kami..!! # 2019GantiPresiden pic.twitter.com/Og0YCtcb4u",,,#,1.05E+18,https://twitter.com/BangPino_/status/1054697473610932225,jokowi,negative
,#RanupsPrabowoSandi Akun Official,RanupsProSandi,10/23/2018 18:30,987,1558,# AksiGarutBelaTauhid # belakalimattauhid 23.10.18 Gelombang massa Muslim tak terbendung! Wahai # BanserBertaubatlah # BubarkanBanser # 4TahunDibohongi Saatnya Muslim bersatu Jadikan NKRI # IndonesiaAdilMakmur # 2019GantiPresiden # 2019PrabowoSandipic.twitter.com/GS3BMU2SzM,,,# # # # # # # #,1.05E+18,https://twitter.com/RanupsProSandi/status/1054696637430255618,jokowi,negative
,BP‚Ñ¢,BangPino_,10/23/2018 18:27,407,823,"Kita butuh figure dan sosok seorang yg berjiwa Nasionalis yang sdh selesai dengan dirinya. Merdeka dalam memberi keputusan, merdeka dalam menentukan sikap bukan dibawah bayang bayang jadi petugas Partai. Jawabnya @ prabowo Presiden 2019 nanti. # 2019GantiPresiden # PrabowoSandi pic.twitter.com/EOVr7aRddm",,@,# #,1.05E+18,https://twitter.com/BangPino_/status/1054695839510093825,prabowo,positive
,#RelawanProSandi Official,RelawanProSandi,10/23/2018 17:56,375,705,Saat Muslim Bangkit dimulai dari # AksiGarutBertauhid 23.10.18 Mari gemakan # BanserBertaubatlah # BubarkanBanser # 4TahunDibohongi Dan kita mau # 2019GantiPresiden # PrabowoSandipic.twitter.com/3Z8HaYEzhd,,,# # # # # #,1.05E+18,https://twitter.com/RelawanProSandi/status/1054687888246337537,jokowi,negative
,PurwaRaja,RajaPurwaBU,10/23/2018 17:12,61,81,"Bukannya minta maaf malah naikin tagar beginian... Ini gak mau intropeksi diri namanya, SONGONG! Ini sama aja dengan ngundang Aksi muslim Seluruh Indonesia # BanserBertaubatlah # 2019GantiPresiden pic.twitter.com/zxLb94gw0Z",,,# #,1.05E+18,https://twitter.com/RajaPurwaBU/status/1054676995156537344,jokowi,negative
,PurwaRaja,RajaPurwaBU,10/23/2018 14:43,186,212,"Orang ini @ GPAnsor_Satu yang paling bertanggung jawab, dia yang harus minta maaf secara terbuka, dia yang ngajarin dan mendoktrin para anggota Banser itu! Dan merasa gak bersalah dgn kejadian itu! # BanserBertaubatlah # 2019GantiPresiden pic.twitter.com/4KiqBBQJps",,@,# #,1.05E+18,https://twitter.com/RajaPurwaBU/status/1054639482530459648,jokowi,negative
,Opposite6890,opposite6890,10/23/2018 14:41,419,706,KOMEN BEBAS.. ! . KOMEN TERBAIK DAPAT HADIAH.. . HADIAH BAN SEREP . # 2019GantiPresiden # bubarkanbanserpic.twitter.com/trcxwksLMD,,,# #,1.05E+18,https://twitter.com/opposite6890/status/1054638981248241664,jokowi,negative
,PurwaRaja,RajaPurwaBU,10/23/2018 13:41,559,900,"Tum @ GPAnsor_Satu @ savicali @ qitmr ajarin anak buah loe, jgn terlalu pada jumawa, apa loe pade udh hitung kenekatan orang lain? # BanserBertaubatlah # 2019GantiPresiden pic.twitter.com/FdE6PChcaW",,@ @ @,# #,1.05E+18,https://twitter.com/RajaPurwaBU/status/1054623820949024768,jokowi,negative
,BP‚Ñ¢,BangPino_,10/23/2018 13:37,501,1203,"Met Milad Babe @ haikal_hassan Barokallahu Fii Umrik, Mabruk Alfa Mabruk semoga senantiasa diberikan kesehatan dan keistiqomahan dalam berdakwah... Selalu seneng melihat babe dalam berdakwah... Dakwah Kontemporer yang byk diminati jamaah... # 2019GantiPresiden # PrabowoSandipic.twitter.com/27U4VgJd6S",,@,# #,1.05E+18,https://twitter.com/BangPino_/status/1054622794246369280,prabowo,positive
,PurwaRaja,RajaPurwaBU,10/23/2018 12:47,1053,1542,Catat dan sebarkan! Tolong di Cc-in ke Yaqut dkk! Jgn kebanyakan ngeles kek bajay omprengan! :-) MUI menilai bendera yang dibakar oknum Banser NU berkalimat Tauhid # BanserBertaubatlah # 2019GantiPresiden pic.twitter.com/Z7JNwrmiLo,,,# #,1.05E+18,https://twitter.com/RajaPurwaBU/status/1054610206972243968,jokowi,negative
,‚ÄúZEPRET‚Äù,Neng_Zepret,10/23/2018 12:05,843,1236,"Ma sya Allah ini Tanggapan @ aagym Tentang Pembakaran Bendera Tauhid di Garut ‚ÄúBenar‚Äù Hati ini Terluka,Pedih,Amarah, Namun Syukurlah kasusnya sdh ditangani..Semoga # 2019GantiPresiden biar Indonesia # AdilMakmur Aa..pic.twitter.com/3eCN5NQkIj",,@,# #,1.05E+18,https://twitter.com/Neng_Zepret/status/1054599719823990784,jokowi,negative
,‚ÄúZEPRET‚Äù,Neng_Zepret,10/23/2018 9:42,1012,1780,Cuplikan Video Cak Nun Angkat Bicara Mengenai Pembakaran Bendera Tauhid oleh Oknum Banser..Yaa Allah jk melihat situasi sekarang rasanya pingin buru‚Äù # 2019GantiPresiden Semoga # 2019PrabowoSandi jd Pasangan Pemimpin Indonesia agr # AdilMakmur Tentram srt Damaipic.twitter.com/0x8GPOR7fK,,,# # #,1.05E+18,https://twitter.com/Neng_Zepret/status/1054563740916404224,jokowi,negative
,CAK KHUM,CakKhum,10/22/2018 22:47,1230,1688,"Versi Ketua GP Ansor: Melihat Bendera berceceran lalu diselematkan Dari pada bendera tsb jatuh ke tempat tdk semestinya maka bendera itu lebih baik dibakar TVone: Kenapa di bakar, bisa saja kan dilipat lalu di simpan? Eh ujung-ujungnya alasan Bendera HTI # 2019GantiPresiden pic.twitter.com/UH8WMr14Bk",,,#,1.05E+18,https://twitter.com/CakKhum/status/1054398953590910976,jokowi,negative
,üíôI C E Süíô,ices_tea,10/22/2018 22:26,321,417,"Woiiii @ GPAnsor_Satu lu simak nih video dibawah, Polisi aja gak ngelarang, kalian pikir siapa gerombolan kalian itu, bisa seenaknya aja melakukan sweeping2 di Indonesia? # BubarkanBanser # 2019GantiPresiden pic.twitter.com/6ey7gw8eh6",,@,# #,1.05E+18,https://twitter.com/ices_tea/status/1054393647410507776,jokowi,negative
,jundiNews,newsjundi,10/22/2018 7:17,494,863,"Lautan ummat, Ulama, Kyai dan Habaib dukung Prabowo Sandi di Alun-alun Jogjakarta 20 Okt 2018 Pukul 20.:00 Wib # 2019GantiPresiden # 2019prabowoSandipic.twitter.com/Anem2wnsb3",,,# #,1.05E+18,https://twitter.com/newsjundi/status/1054164686613098496,jokowi,negative
,Y A N A,Dwiyana_DKM,10/25/2018 7:13,121,186,"Senang ya, jaman Pak @ jokowi pembangunan infrastruktur bs berlangsung cepat dinikmati. Tol Desari (Depok-Antasari)yg dharapkn dpt mpercepat mobilitas orang dan barang dr Jakarta ke Depok @ KemenPU Kalau sudah begini,masih mau ganti yang lain? Gue sih NO ya # 2019TetapJokowi pic.twitter.com/VFMIWM9WCr",,@ @,#,1.06E+18,https://twitter.com/Dwiyana_DKM/status/1055251077866508288,jokowi,positive
,yeni siswanti,SiswantiYeni,10/24/2018 20:11,126,235,"Dengerin yukk, apa kata warga... Ternyata sebagian besar warga masih cinta Jokowi, loh gaes Jokowi di hati, Jokowi dipilih!! # TetapJokowi # TetapSayangJokowi # 2019TetapJokowi pic.twitter.com/yAZ1ZwdCz0",,,# # #,1.06E+18,https://twitter.com/SiswantiYeni/status/1055084341049487361,jokowi,positive
,Shera,Consheraa,10/24/2018 18:26,79,125,Hai Sobat.. Tahukah Kamuh? Brand Indonesia Paling Bernilai di Asean & Peringkat 16 Dunia Evaluasi Nilai Merk Suatu Negara Berdasarkan Keadaan & Ekonomi secara Keseluruhan. Artinya Indonesia dalam Keadaan Baik dong # 2019TetapJokowi # 2019JokowiMarufAmin pic.twitter.com/eHcnTxb4pS,,,# #,1.06E+18,https://twitter.com/Consheraa/status/1055057843068448768,jokowi,positive
,#CintaNKRI_BersamaBANSER,04Nakula,10/24/2018 17:50,324,441,"Apakah ini mahluk yang sengaja mengibarkan bendera HTI sambil berteriak-teriak khilafah,,?? Apakah ini propaganda untuk menyerang Jokowi: 1:Menggunakan mahasiswa GagaL 2:Isu PKI,ekonomi,Dollar GagaL 3:Isu pengeroyokan Ratna Sarumpaet gagaL # PolitikusSONTOLOYO # 2019TetapJokowi pic.twitter.com/szoXKsUsiK",,,# #,1.06E+18,https://twitter.com/04Nakula/status/1055048933074849793,prabowo,negative
,AR3K_3DAN_üôè,5Y5_one_70,10/24/2018 17:10,145,287,"Goyang Jokowi. 2019 saatnya Ganti Presiden,dri yg lama ganti yg baru. Dari Jokowi ke Joko Widodo.. # 2019TetapJokowi # JokowiLagi @ andreOPA @ kangdede78 @ budimandjatmiko @ ASapardan @ 04Nakula @ Je_Ly @ ajunsii pic.twitter.com/XGJ53ragYu",,@ @ @ @ @ @ @,# #,1.06E+18,https://twitter.com/5Y5_one_70/status/1055038929995423744,jokowi,positive
,Sarah Index of,4Y4NKZ,10/24/2018 16:45,201,255,Spanduk spanjang itu di buat demo kejadian yg baru semqlam Sptnya ini sebuah Rencana yg di buat sejaka lama. Bukan tidak mungkin ini adalah kelanjutan drama RS yg kemaren gagal. Intinya ingin menyerang pemerintah. Astaqfirullah # 2019TetapJokowi pic.twitter.com/kQFN70yayg,,,#,1.06E+18,https://twitter.com/4Y4NKZ/status/1055032647460675585,prabowo,negative
,Errant,JajangRidwan19,10/24/2018 14:36,219,465,"Tuh Kan , Keberhasilan Program Dana Desa Diakui Dunia Yg Sentoloyo mana Suarany ,, # 2019TetapJokowi pic.twitter.com/xIAGvB8y4E",,,#,1.06E+18,https://twitter.com/JajangRidwan19/status/1054999997245210624,jokowi,positive
,Y A N A,Dwiyana_DKM,10/24/2018 12:26,157,257,"Pak @ jokowi & @ Pak_JK, telah memberikan lebih dari sekedar janji kampanye dengan kerja keras, kerja cerdas, kerja nyata dan kerja tuntas. Lanjut # Jokowi1PeriodeLagi, abaikan # KoalisiHoax # 2019TetapJokowi pic.twitter.com/WENQHB7h3r",,@ @,# # #,1.05E+18,https://twitter.com/Dwiyana_DKM/status/1054967251017838594,jokowi,positive
,Capres Abadi,P3nj3l4j4h,10/24/2018 11:45,517,961,Alhamdulilah bertambah lg dukungan untuk pasangan Jokowi-Ma'ruf Kali ini dari pihak sebelah yg putar haluan mendukung Pak Jokowi yang menamakan relawan Kotak Hijau. Semoga semakin banyak yang sadar dan kembali mendukung Pak Jokowi. # 2019TetapJokowi pic.twitter.com/m1rLYgGe46,,,#,1.05E+18,https://twitter.com/P3nj3l4j4h/status/1054957116505624578,jokowi,positive
,PUPUT,AdhitamaKin,10/24/2018 10:34,70,110,Rakyat Indonesia Patut Bangga! Presiden Jokowi Menempati Urutan Ke-16 Deretan 500 Muslim Paling Berpengaruh Sedunia # JokowiKeren # JokowiAmin # 2019PilihJokowi # 2019TetapJokowi pic.twitter.com/ko7Y6fyvC6,,,# # # #,1.05E+18,https://twitter.com/AdhitamaKin/status/1054939240834822144,jokowi,positive
,Shera,Consheraa,10/24/2018 10:30,137,311,Cuma di Era Presiden @ jokowi Lebih dari 6 juta Sertifikat Tanah di bagikan kepada Masyarakat diseluruh Indonesia. Kerenkan # JokowiLagi # 2019TetapJokowi pic.twitter.com/uOfW2DsGyp,,@,# #,1.05E+18,https://twitter.com/Consheraa/status/1054938277197701120,jokowi,positive
,Y A N A,Dwiyana_DKM,10/24/2018 6:27,216,319,"Hati2 jangan mudah terprovokasi dengan # PolitikusSontoloyo yang memang sengaja memperdaya masyarakat untuk kepentingan kelompok mereka. Rapatkan barisan, lawan # 2019TetapJokowi # KamiBersamaBanser # MakarBerkedokTauhid pic.twitter.com/AU7Fc4mcta",,,# # # #,1.05E+18,https://twitter.com/Dwiyana_DKM/status/1054877028640423936,prabowo,negative
,Rizma Widiono,RizmaWidiono,10/24/2018 0:05,347,744,LSI : Pemilih Prabowo dari kalangan terpelajar pindah ke Jokowi # 2019TetapJokowi pic.twitter.com/uP3G73kZvs,,,#,1.05E+18,https://twitter.com/RizmaWidiono/status/1054780809683513344,jokowi,positive
,Shera,Consheraa,10/23/2018 23:17,100,212,Sertifikat Tanah Rakyat Presiden @ jokowi Ngebut memberi Sertifikat kepada warga kali ini Daerah Jakarta 5000 sertifikat Tanah loh # JokowiLagi # 2019TetapJokowi pic.twitter.com/alQDLqDrBj,,@,# #,1.05E+18,https://twitter.com/Consheraa/status/1054768763994689536,jokowi,positive
,üáÆüá© „Å† „É† „Çå „Ç® „É† „Å° „É† „Éû „Ç® üáÆüá©,Kania_Sari27,10/23/2018 23:16,322,510,Pemerataan dan Keadilan dalam pembangunan dari Sabang Smpi Merauke di Era Bpk @ jokowi selama 4Tahun. ‚ô°Utk Indonesia Maju Yg Lebh baik‚ô° # 2019TetapJokowi # JokowiMembangunIndonesiapic.twitter.com/jcFveDTKAF,,@,# #,1.05E+18,https://twitter.com/Kania_Sari27/status/1054768436088266752,jokowi,positive
,Rizma Widiono,RizmaWidiono,10/23/2018 22:28,579,884,Pedagang Pasar Ini Marah ke @ sandiuno Merasa Jadi 'Alat' Politik Saat Kampanye. Pedagang pasar yg tergabung dlm Komite Pedagang Pasar (KPP) menganggap Sandi Uno telah menjadikan para pedagang pasar sebagai alat politik Ha.Ha.Ha.Ha # KoalisiPraBohong Belekok # 2019TetapJokowi pic.twitter.com/8wYT8YH23v,,@,# #,1.05E+18,https://twitter.com/RizmaWidiono/status/1054756498864189440,prabowo,negative
,Errant,JajangRidwan19,10/23/2018 22:00,382,724,GERAM !! Jokowi Hati hati ada Politikus yg SONTOLOYO Presiden menumpahkan kekesalan nya kepada Politikus yg mengaitkan Program Pemerintah dengan Politik # 2019TetapJokowi pic.twitter.com/qGvsh28rdW,,,#,1.05E+18,https://twitter.com/JajangRidwan19/status/1054749424826507264,prabowo,negative
,Riska Amelia,riskameliaaG,10/23/2018 21:43,250,505,Alhamdulillah,"Matur Suwun Bapak @ jokowi"" Ibu Sujiyem. # 2019TetapJokowi pic.twitter.com/unWM1ytj1U""",,@,#,1.05E+18,jokowi,positive
,Shera,Consheraa,10/23/2018 19:26,108,218,"Cerdaskan Masyarakat dengan Kampanye Positif Pesan Bpk @ jokowi kepada Timses Adu Program,Adu Gagasan # JokowiLagi # 2019TetapJokowi pic.twitter.com/JIEUCtfzSt",,@,# #,1.05E+18,https://twitter.com/Consheraa/status/1054710704396095488,jokowi,positive
,Errant,JajangRidwan19,10/23/2018 19:03,148,273,"Mantap Gus ,, Pengasuh Ponpes Tebu Ireng Bantah Dukung Prabowo Sandi # 2019TetapJokowi pic.twitter.com/VjjN68k79C",,,#,1.05E+18,https://twitter.com/JajangRidwan19/status/1054704832018231296,jokowi,positive
,Y A N A,Dwiyana_DKM,10/25/2018 7:13,121,186,"Senang ya, jaman Pak @ jokowi pembangunan infrastruktur bs berlangsung cepat dinikmati. Tol Desari (Depok-Antasari)yg dharapkn dpt mpercepat mobilitas orang dan barang dr Jakarta ke Depok @ KemenPU Kalau sudah begini,masih mau ganti yang lain? Gue sih NO ya # 2019TetapJokowi pic.twitter.com/VFMIWM9WCr",,@ @,#,1.06E+18,https://twitter.com/Dwiyana_DKM/status/1055251077866508288,jokowi,positive
,yeni siswanti,SiswantiYeni,10/24/2018 20:11,126,235,"Dengerin yukk, apa kata warga... Ternyata sebagian besar warga masih cinta Jokowi, loh gaes Jokowi di hati, Jokowi dipilih!! # TetapJokowi # TetapSayangJokowi # 2019TetapJokowi pic.twitter.com/yAZ1ZwdCz0",,,# # #,1.06E+18,https://twitter.com/SiswantiYeni/status/1055084341049487361,jokowi,positive
,Shera,Consheraa,10/24/2018 18:26,79,125,Hai Sobat.. Tahukah Kamuh? Brand Indonesia Paling Bernilai di Asean & Peringkat 16 Dunia Evaluasi Nilai Merk Suatu Negara Berdasarkan Keadaan & Ekonomi secara Keseluruhan. Artinya Indonesia dalam Keadaan Baik dong # 2019TetapJokowi # 2019JokowiMarufAmin pic.twitter.com/eHcnTxb4pS,,,# #,1.06E+18,https://twitter.com/Consheraa/status/1055057843068448768,jokowi,positive
,#CintaNKRI_BersamaBANSER,04Nakula,10/24/2018 17:50,324,441,"Apakah ini mahluk yang sengaja mengibarkan bendera HTI sambil berteriak-teriak khilafah,,?? Apakah ini propaganda untuk menyerang Jokowi: 1:Menggunakan mahasiswa GagaL 2:Isu PKI,ekonomi,Dollar GagaL 3:Isu pengeroyokan Ratna Sarumpaet gagaL # PolitikusSONTOLOYO # 2019TetapJokowi pic.twitter.com/szoXKsUsiK",,,# #,1.06E+18,https://twitter.com/04Nakula/status/1055048933074849793,prabowo,negative
,AR3K_3DAN_üôè,5Y5_one_70,10/24/2018 17:10,145,287,"Goyang Jokowi. 2019 saatnya Ganti Presiden,dri yg lama ganti yg baru. Dari Jokowi ke Joko Widodo.. # 2019TetapJokowi # JokowiLagi @ andreOPA @ kangdede78 @ budimandjatmiko @ ASapardan @ 04Nakula @ Je_Ly @ ajunsii pic.twitter.com/XGJ53ragYu",,@ @ @ @ @ @ @,# #,1.06E+18,https://twitter.com/5Y5_one_70/status/1055038929995423744,jokowi,positive
,Sarah Index of,4Y4NKZ,10/24/2018 16:45,201,255,Spanduk spanjang itu di buat demo kejadian yg baru semqlam Sptnya ini sebuah Rencana yg di buat sejaka lama. Bukan tidak mungkin ini adalah kelanjutan drama RS yg kemaren gagal. Intinya ingin menyerang pemerintah. Astaqfirullah # 2019TetapJokowi pic.twitter.com/kQFN70yayg,,,#,1.06E+18,https://twitter.com/4Y4NKZ/status/1055032647460675585,prabowo,negative
,Errant,JajangRidwan19,10/24/2018 14:36,219,465,"Tuh Kan , Keberhasilan Program Dana Desa Diakui Dunia Yg Sentoloyo mana Suarany ,, # 2019TetapJokowi pic.twitter.com/xIAGvB8y4E",,,#,1.06E+18,https://twitter.com/JajangRidwan19/status/1054999997245210624,jokowi,positive
,Y A N A,Dwiyana_DKM,10/24/2018 12:26,157,257,"Pak @ jokowi & @ Pak_JK, telah memberikan lebih dari sekedar janji kampanye dengan kerja keras, kerja cerdas, kerja nyata dan kerja tuntas. Lanjut # Jokowi1PeriodeLagi, abaikan # KoalisiHoax # 2019TetapJokowi pic.twitter.com/WENQHB7h3r",,@ @,# # #,1.05E+18,https://twitter.com/Dwiyana_DKM/status/1054967251017838594,jokowi,positive
,Capres Abadi,P3nj3l4j4h,10/24/2018 11:45,517,961,Alhamdulilah bertambah lg dukungan untuk pasangan Jokowi-Ma'ruf Kali ini dari pihak sebelah yg putar haluan mendukung Pak Jokowi yang menamakan relawan Kotak Hijau. Semoga semakin banyak yang sadar dan kembali mendukung Pak Jokowi. # 2019TetapJokowi pic.twitter.com/m1rLYgGe46,,,#,1.05E+18,https://twitter.com/P3nj3l4j4h/status/1054957116505624578,jokowi,positive
,PUPUT,AdhitamaKin,10/24/2018 10:34,70,110,Rakyat Indonesia Patut Bangga! Presiden Jokowi Menempati Urutan Ke-16 Deretan 500 Muslim Paling Berpengaruh Sedunia # JokowiKeren # JokowiAmin # 2019PilihJokowi # 2019TetapJokowi pic.twitter.com/ko7Y6fyvC6,,,# # # #,1.05E+18,https://twitter.com/AdhitamaKin/status/1054939240834822144,jokowi,positive
,Shera,Consheraa,10/24/2018 10:30,137,311,Cuma di Era Presiden @ jokowi Lebih dari 6 juta Sertifikat Tanah di bagikan kepada Masyarakat diseluruh Indonesia. Kerenkan # JokowiLagi # 2019TetapJokowi pic.twitter.com/uOfW2DsGyp,,@,# #,1.05E+18,https://twitter.com/Consheraa/status/1054938277197701120,jokowi,positive
,Y A N A,Dwiyana_DKM,10/24/2018 6:27,216,319,"Hati2 jangan mudah terprovokasi dengan # PolitikusSontoloyo yang memang sengaja memperdaya masyarakat untuk kepentingan kelompok mereka. Rapatkan barisan, lawan # 2019TetapJokowi # KamiBersamaBanser # MakarBerkedokTauhid pic.twitter.com/AU7Fc4mcta",,,# # # #,1.05E+18,https://twitter.com/Dwiyana_DKM/status/1054877028640423936,prabowo,negative
,Rizma Widiono,RizmaWidiono,10/24/2018 0:05,347,744,LSI : Pemilih Prabowo dari kalangan terpelajar pindah ke Jokowi # 2019TetapJokowi pic.twitter.com/uP3G73kZvs,,,#,1.05E+18,https://twitter.com/RizmaWidiono/status/1054780809683513344,jokowi,positive
,Shera,Consheraa,10/23/2018 23:17,100,212,Sertifikat Tanah Rakyat Presiden @ jokowi Ngebut memberi Sertifikat kepada warga kali ini Daerah Jakarta 5000 sertifikat Tanah loh # JokowiLagi # 2019TetapJokowi pic.twitter.com/alQDLqDrBj,,@,# #,1.05E+18,https://twitter.com/Consheraa/status/1054768763994689536,jokowi,positive
,üáÆüá© „Å† „É† „Çå „Ç® „É† „Å° „É† „Éû „Ç® üáÆüá©,Kania_Sari27,10/23/2018 23:16,322,510,Pemerataan dan Keadilan dalam pembangunan dari Sabang Smpi Merauke di Era Bpk @ jokowi selama 4Tahun. ‚ô°Utk Indonesia Maju Yg Lebh baik‚ô° # 2019TetapJokowi # JokowiMembangunIndonesiapic.twitter.com/jcFveDTKAF,,@,# #,1.05E+18,https://twitter.com/Kania_Sari27/status/1054768436088266752,jokowi,positive
,Rizma Widiono,RizmaWidiono,10/23/2018 22:28,579,884,Pedagang Pasar Ini Marah ke @ sandiuno Merasa Jadi 'Alat' Politik Saat Kampanye. Pedagang pasar yg tergabung dlm Komite Pedagang Pasar (KPP) menganggap Sandi Uno telah menjadikan para pedagang pasar sebagai alat politik Ha.Ha.Ha.Ha # KoalisiPraBohong Belekok # 2019TetapJokowi pic.twitter.com/8wYT8YH23v,,@,# #,1.05E+18,https://twitter.com/RizmaWidiono/status/1054756498864189440,prabowo,negative
,Errant,JajangRidwan19,10/23/2018 22:00,382,724,GERAM !! Jokowi Hati hati ada Politikus yg SONTOLOYO Presiden menumpahkan kekesalan nya kepada Politikus yg mengaitkan Program Pemerintah dengan Politik # 2019TetapJokowi pic.twitter.com/qGvsh28rdW,,,#,1.05E+18,https://twitter.com/JajangRidwan19/status/1054749424826507264,jokowi,positive
,Riska Amelia,riskameliaaG,10/23/2018 21:43,250,505,Alhamdulillah,"Matur Suwun Bapak @ jokowi"" Ibu Sujiyem. # 2019TetapJokowi pic.twitter.com/unWM1ytj1U""",,@,#,1.05E+18,jokowi,positive
,Shera,Consheraa,10/23/2018 19:26,108,218,"Cerdaskan Masyarakat dengan Kampanye Positif Pesan Bpk @ jokowi kepada Timses Adu Program,Adu Gagasan # JokowiLagi # 2019TetapJokowi pic.twitter.com/JIEUCtfzSt",,@,# #,1.05E+18,https://twitter.com/Consheraa/status/1054710704396095488,jokowi,positive
,Errant,JajangRidwan19,10/23/2018 19:03,148,273,"Mantap Gus ,, Pengasuh Ponpes Tebu Ireng Bantah Dukung Prabowo Sandi # 2019TetapJokowi pic.twitter.com/VjjN68k79C",,,#,1.05E+18,https://twitter.com/JajangRidwan19/status/1054704832018231296,jokowi,positive
,Y A N A,Dwiyana_DKM,10/25/2018 7:13,121,186,"Senang ya, jaman Pak @ jokowi pembangunan infrastruktur bs berlangsung cepat dinikmati. Tol Desari (Depok-Antasari)yg dharapkn dpt mpercepat mobilitas orang dan barang dr Jakarta ke Depok @ KemenPU Kalau sudah begini,masih mau ganti yang lain? Gue sih NO ya # 2019TetapJokowi pic.twitter.com/VFMIWM9WCr",,@ @,#,1.06E+18,https://twitter.com/Dwiyana_DKM/status/1055251077866508288,jokowi,positive
,yeni siswanti,SiswantiYeni,10/24/2018 20:11,126,235,"Dengerin yukk, apa kata warga... Ternyata sebagian besar warga masih cinta Jokowi, loh gaes Jokowi di hati, Jokowi dipilih!! # TetapJokowi # TetapSayangJokowi # 2019TetapJokowi pic.twitter.com/yAZ1ZwdCz0",,,# # #,1.06E+18,https://twitter.com/SiswantiYeni/status/1055084341049487361,jokowi,positive
,Shera,Consheraa,10/24/2018 18:26,79,125,Hai Sobat.. Tahukah Kamuh? Brand Indonesia Paling Bernilai di Asean & Peringkat 16 Dunia Evaluasi Nilai Merk Suatu Negara Berdasarkan Keadaan & Ekonomi secara Keseluruhan. Artinya Indonesia dalam Keadaan Baik dong # 2019TetapJokowi # 2019JokowiMarufAmin pic.twitter.com/eHcnTxb4pS,,,# #,1.06E+18,https://twitter.com/Consheraa/status/1055057843068448768,jokowi,positive
,#CintaNKRI_BersamaBANSER,04Nakula,10/24/2018 17:50,324,441,"Apakah ini mahluk yang sengaja mengibarkan bendera HTI sambil berteriak-teriak khilafah,,?? Apakah ini propaganda untuk menyerang Jokowi: 1:Menggunakan mahasiswa GagaL 2:Isu PKI,ekonomi,Dollar GagaL 3:Isu pengeroyokan Ratna Sarumpaet gagaL # PolitikusSONTOLOYO # 2019TetapJokowi pic.twitter.com/szoXKsUsiK",,,# #,1.06E+18,https://twitter.com/04Nakula/status/1055048933074849793,prabowo,negative
,AR3K_3DAN_üôè,5Y5_one_70,10/24/2018 17:10,145,287,"Goyang Jokowi. 2019 saatnya Ganti Presiden,dri yg lama ganti yg baru. Dari Jokowi ke Joko Widodo.. # 2019TetapJokowi # JokowiLagi @ andreOPA @ kangdede78 @ budimandjatmiko @ ASapardan @ 04Nakula @ Je_Ly @ ajunsii pic.twitter.com/XGJ53ragYu",,@ @ @ @ @ @ @,# #,1.06E+18,https://twitter.com/5Y5_one_70/status/1055038929995423744,jokowi,positive
,Sarah Index of,4Y4NKZ,10/24/2018 16:45,201,255,Spanduk spanjang itu di buat demo kejadian yg baru semqlam Sptnya ini sebuah Rencana yg di buat sejaka lama. Bukan tidak mungkin ini adalah kelanjutan drama RS yg kemaren gagal. Intinya ingin menyerang pemerintah. Astaqfirullah # 2019TetapJokowi pic.twitter.com/kQFN70yayg,,,#,1.06E+18,https://twitter.com/4Y4NKZ/status/1055032647460675585,prabowo,negative
,Errant,JajangRidwan19,10/24/2018 14:36,219,465,"Tuh Kan , Keberhasilan Program Dana Desa Diakui Dunia Yg Sentoloyo mana Suarany ,, # 2019TetapJokowi pic.twitter.com/xIAGvB8y4E",,,#,1.06E+18,https://twitter.com/JajangRidwan19/status/1054999997245210624,jokowi,positive
,Y A N A,Dwiyana_DKM,10/24/2018 12:26,157,257,"Pak @ jokowi & @ Pak_JK, telah memberikan lebih dari sekedar janji kampanye dengan kerja keras, kerja cerdas, kerja nyata dan kerja tuntas. Lanjut # Jokowi1PeriodeLagi, abaikan # KoalisiHoax # 2019TetapJokowi pic.twitter.com/WENQHB7h3r",,@ @,# # #,1.05E+18,https://twitter.com/Dwiyana_DKM/status/1054967251017838594,jokowi,positive
,Capres Abadi,P3nj3l4j4h,10/24/2018 11:45,517,961,Alhamdulilah bertambah lg dukungan untuk pasangan Jokowi-Ma'ruf Kali ini dari pihak sebelah yg putar haluan mendukung Pak Jokowi yang menamakan relawan Kotak Hijau. Semoga semakin banyak yang sadar dan kembali mendukung Pak Jokowi. # 2019TetapJokowi pic.twitter.com/m1rLYgGe46,,,#,1.05E+18,https://twitter.com/P3nj3l4j4h/status/1054957116505624578,jokowi,positive
,PUPUT,AdhitamaKin,10/24/2018 10:34,70,110,Rakyat Indonesia Patut Bangga! Presiden Jokowi Menempati Urutan Ke-16 Deretan 500 Muslim Paling Berpengaruh Sedunia # JokowiKeren # JokowiAmin # 2019PilihJokowi # 2019TetapJokowi pic.twitter.com/ko7Y6fyvC6,,,# # # #,1.05E+18,https://twitter.com/AdhitamaKin/status/1054939240834822144,jokowi,positive
,Shera,Consheraa,10/24/2018 10:30,137,311,Cuma di Era Presiden @ jokowi Lebih dari 6 juta Sertifikat Tanah di bagikan kepada Masyarakat diseluruh Indonesia. Kerenkan # JokowiLagi # 2019TetapJokowi pic.twitter.com/uOfW2DsGyp,,@,# #,1.05E+18,https://twitter.com/Consheraa/status/1054938277197701120,jokowi,positive
,Y A N A,Dwiyana_DKM,10/24/2018 6:27,216,319,"Hati2 jangan mudah terprovokasi dengan # PolitikusSontoloyo yang memang sengaja memperdaya masyarakat untuk kepentingan kelompok mereka. Rapatkan barisan, lawan # 2019TetapJokowi # KamiBersamaBanser # MakarBerkedokTauhid pic.twitter.com/AU7Fc4mcta",,,# # # #,1.05E+18,https://twitter.com/Dwiyana_DKM/status/1054877028640423936,prabowo,negative
,Rizma Widiono,RizmaWidiono,10/24/2018 0:05,347,744,LSI : Pemilih Prabowo dari kalangan terpelajar pindah ke Jokowi # 2019TetapJokowi pic.twitter.com/uP3G73kZvs,,,#,1.05E+18,https://twitter.com/RizmaWidiono/status/1054780809683513344,jokowi,positive
,Shera,Consheraa,10/23/2018 23:17,100,212,Sertifikat Tanah Rakyat Presiden @ jokowi Ngebut memberi Sertifikat kepada warga kali ini Daerah Jakarta 5000 sertifikat Tanah loh # JokowiLagi # 2019TetapJokowi pic.twitter.com/alQDLqDrBj,,@,# #,1.05E+18,https://twitter.com/Consheraa/status/1054768763994689536,jokowi,positive
,üáÆüá© „Å† „É† „Çå „Ç® „É† „Å° „É† „Éû „Ç® üáÆüá©,Kania_Sari27,10/23/2018 23:16,322,510,Pemerataan dan Keadilan dalam pembangunan dari Sabang Smpi Merauke di Era Bpk @ jokowi selama 4Tahun. ‚ô°Utk Indonesia Maju Yg Lebh baik‚ô° # 2019TetapJokowi # JokowiMembangunIndonesiapic.twitter.com/jcFveDTKAF,,@,# #,1.05E+18,https://twitter.com/Kania_Sari27/status/1054768436088266752,jokowi,positive
,Rizma Widiono,RizmaWidiono,10/23/2018 22:28,579,884,Pedagang Pasar Ini Marah ke @ sandiuno Merasa Jadi 'Alat' Politik Saat Kampanye. Pedagang pasar yg tergabung dlm Komite Pedagang Pasar (KPP) menganggap Sandi Uno telah menjadikan para pedagang pasar sebagai alat politik Ha.Ha.Ha.Ha # KoalisiPraBohong Belekok # 2019TetapJokowi pic.twitter.com/8wYT8YH23v,,@,# #,1.05E+18,https://twitter.com/RizmaWidiono/status/1054756498864189440,prabowo,negative
,Errant,JajangRidwan19,10/23/2018 22:00,382,724,GERAM !! Jokowi Hati hati ada Politikus yg SONTOLOYO Presiden menumpahkan kekesalan nya kepada Politikus yg mengaitkan Program Pemerintah dengan Politik # 2019TetapJokowi pic.twitter.com/qGvsh28rdW,,,#,1.05E+18,https://twitter.com/JajangRidwan19/status/1054749424826507264,jokowi,positive
,Riska Amelia,riskameliaaG,10/23/2018 21:43,250,505,Alhamdulillah,"Matur Suwun Bapak @ jokowi"" Ibu Sujiyem. # 2019TetapJokowi pic.twitter.com/unWM1ytj1U""",,@,#,1.05E+18,jokowi,positive
,Shera,Consheraa,10/23/2018 19:26,108,218,"Cerdaskan Masyarakat dengan Kampanye Positif Pesan Bpk @ jokowi kepada Timses Adu Program,Adu Gagasan # JokowiLagi # 2019TetapJokowi pic.twitter.com/JIEUCtfzSt",,@,# #,1.05E+18,https://twitter.com/Consheraa/status/1054710704396095488,jokowi,positive
,Errant,JajangRidwan19,10/23/2018 19:03,148,273,"Mantap Gus ,, Pengasuh Ponpes Tebu Ireng Bantah Dukung Prabowo Sandi # 2019TetapJokowi pic.twitter.com/VjjN68k79C",,,#,1.05E+18,https://twitter.com/JajangRidwan19/status/1054704832018231296,jokowi,positive
,Y A N A,Dwiyana_DKM,10/25/2018 7:13,121,186,"Senang ya, jaman Pak @ jokowi pembangunan infrastruktur bs berlangsung cepat dinikmati. Tol Desari (Depok-Antasari)yg dharapkn dpt mpercepat mobilitas orang dan barang dr Jakarta ke Depok @ KemenPU Kalau sudah begini,masih mau ganti yang lain? Gue sih NO ya # 2019TetapJokowi pic.twitter.com/VFMIWM9WCr",,@ @,#,1.06E+18,https://twitter.com/Dwiyana_DKM/status/1055251077866508288,jokowi,positive
,yeni siswanti,SiswantiYeni,10/24/2018 20:11,126,235,"Dengerin yukk, apa kata warga... Ternyata sebagian besar warga masih cinta Jokowi, loh gaes Jokowi di hati, Jokowi dipilih!! # TetapJokowi # TetapSayangJokowi # 2019TetapJokowi pic.twitter.com/yAZ1ZwdCz0",,,# # #,1.06E+18,https://twitter.com/SiswantiYeni/status/1055084341049487361,jokowi,positive
,Shera,Consheraa,10/24/2018 18:26,79,125,Hai Sobat.. Tahukah Kamuh? Brand Indonesia Paling Bernilai di Asean & Peringkat 16 Dunia Evaluasi Nilai Merk Suatu Negara Berdasarkan Keadaan & Ekonomi secara Keseluruhan. Artinya Indonesia dalam Keadaan Baik dong # 2019TetapJokowi # 2019JokowiMarufAmin pic.twitter.com/eHcnTxb4pS,,,# #,1.06E+18,https://twitter.com/Consheraa/status/1055057843068448768,jokowi,positive
,#CintaNKRI_BersamaBANSER,04Nakula,10/24/2018 17:50,324,441,"Apakah ini mahluk yang sengaja mengibarkan bendera HTI sambil berteriak-teriak khilafah,,?? Apakah ini propaganda untuk menyerang Jokowi: 1:Menggunakan mahasiswa GagaL 2:Isu PKI,ekonomi,Dollar GagaL 3:Isu pengeroyokan Ratna Sarumpaet gagaL # PolitikusSONTOLOYO # 2019TetapJokowi pic.twitter.com/szoXKsUsiK",,,# #,1.06E+18,https://twitter.com/04Nakula/status/1055048933074849793,prabowo,negative
,AR3K_3DAN_üôè,5Y5_one_70,10/24/2018 17:10,145,287,"Goyang Jokowi. 2019 saatnya Ganti Presiden,dri yg lama ganti yg baru. Dari Jokowi ke Joko Widodo.. # 2019TetapJokowi # JokowiLagi @ andreOPA @ kangdede78 @ budimandjatmiko @ ASapardan @ 04Nakula @ Je_Ly @ ajunsii pic.twitter.com/XGJ53ragYu",,@ @ @ @ @ @ @,# #,1.06E+18,https://twitter.com/5Y5_one_70/status/1055038929995423744,jokowi,positive
,Sarah Index of,4Y4NKZ,10/24/2018 16:45,201,255,Spanduk spanjang itu di buat demo kejadian yg baru semqlam Sptnya ini sebuah Rencana yg di buat sejaka lama. Bukan tidak mungkin ini adalah kelanjutan drama RS yg kemaren gagal. Intinya ingin menyerang pemerintah. Astaqfirullah # 2019TetapJokowi pic.twitter.com/kQFN70yayg,,,#,1.06E+18,https://twitter.com/4Y4NKZ/status/1055032647460675585,prabowo,negative
,Errant,JajangRidwan19,10/24/2018 14:36,219,465,"Tuh Kan , Keberhasilan Program Dana Desa Diakui Dunia Yg Sentoloyo mana Suarany ,, # 2019TetapJokowi pic.twitter.com/xIAGvB8y4E",,,#,1.06E+18,https://twitter.com/JajangRidwan19/status/1054999997245210624,jokowi,positive
,Y A N A,Dwiyana_DKM,10/24/2018 12:26,157,257,"Pak @ jokowi & @ Pak_JK, telah memberikan lebih dari sekedar janji kampanye dengan kerja keras, kerja cerdas, kerja nyata dan kerja tuntas. Lanjut # Jokowi1PeriodeLagi, abaikan # KoalisiHoax # 2019TetapJokowi pic.twitter.com/WENQHB7h3r",,@ @,# # #,1.05E+18,https://twitter.com/Dwiyana_DKM/status/1054967251017838594,jokowi,positive
,Capres Abadi,P3nj3l4j4h,10/24/2018 11:45,517,961,Alhamdulilah bertambah lg dukungan untuk pasangan Jokowi-Ma'ruf Kali ini dari pihak sebelah yg putar haluan mendukung Pak Jokowi yang menamakan relawan Kotak Hijau. Semoga semakin banyak yang sadar dan kembali mendukung Pak Jokowi. # 2019TetapJokowi pic.twitter.com/m1rLYgGe46,,,#,1.05E+18,https://twitter.com/P3nj3l4j4h/status/1054957116505624578,jokowi,positive
,PUPUT,AdhitamaKin,10/24/2018 10:34,70,110,Rakyat Indonesia Patut Bangga! Presiden Jokowi Menempati Urutan Ke-16 Deretan 500 Muslim Paling Berpengaruh Sedunia # JokowiKeren # JokowiAmin # 2019PilihJokowi # 2019TetapJokowi pic.twitter.com/ko7Y6fyvC6,,,# # # #,1.05E+18,https://twitter.com/AdhitamaKin/status/1054939240834822144,jokowi,positive
,Shera,Consheraa,10/24/2018 10:30,137,311,Cuma di Era Presiden @ jokowi Lebih dari 6 juta Sertifikat Tanah di bagikan kepada Masyarakat diseluruh Indonesia. Kerenkan # JokowiLagi # 2019TetapJokowi pic.twitter.com/uOfW2DsGyp,,@,# #,1.05E+18,https://twitter.com/Consheraa/status/1054938277197701120,jokowi,positive
,Y A N A,Dwiyana_DKM,10/24/2018 6:27,216,319,"Hati2 jangan mudah terprovokasi dengan # PolitikusSontoloyo yang memang sengaja memperdaya masyarakat untuk kepentingan kelompok mereka. Rapatkan barisan, lawan # 2019TetapJokowi # KamiBersamaBanser # MakarBerkedokTauhid pic.twitter.com/AU7Fc4mcta",,,# # # #,1.05E+18,https://twitter.com/Dwiyana_DKM/status/1054877028640423936,prabowo,negative
,Rizma Widiono,RizmaWidiono,10/24/2018 0:05,347,744,LSI : Pemilih Prabowo dari kalangan terpelajar pindah ke Jokowi # 2019TetapJokowi pic.twitter.com/uP3G73kZvs,,,#,1.05E+18,https://twitter.com/RizmaWidiono/status/1054780809683513344,jokowi,positive
,Shera,Consheraa,10/23/2018 23:17,100,212,Sertifikat Tanah Rakyat Presiden @ jokowi Ngebut memberi Sertifikat kepada warga kali ini Daerah Jakarta 5000 sertifikat Tanah loh # JokowiLagi # 2019TetapJokowi pic.twitter.com/alQDLqDrBj,,@,# #,1.05E+18,https://twitter.com/Consheraa/status/1054768763994689536,jokowi,positive
,üáÆüá© „Å† „É† „Çå „Ç® „É† „Å° „É† „Éû „Ç® üáÆüá©,Kania_Sari27,10/23/2018 23:16,322,510,Pemerataan dan Keadilan dalam pembangunan dari Sabang Smpi Merauke di Era Bpk @ jokowi selama 4Tahun. ‚ô°Utk Indonesia Maju Yg Lebh baik‚ô° # 2019TetapJokowi # JokowiMembangunIndonesiapic.twitter.com/jcFveDTKAF,,@,# #,1.05E+18,https://twitter.com/Kania_Sari27/status/1054768436088266752,jokowi,positive
,Rizma Widiono,RizmaWidiono,10/23/2018 22:28,579,884,Pedagang Pasar Ini Marah ke @ sandiuno Merasa Jadi 'Alat' Politik Saat Kampanye. Pedagang pasar yg tergabung dlm Komite Pedagang Pasar (KPP) menganggap Sandi Uno telah menjadikan para pedagang pasar sebagai alat politik Ha.Ha.Ha.Ha # KoalisiPraBohong Belekok # 2019TetapJokowi pic.twitter.com/8wYT8YH23v,,@,# #,1.05E+18,https://twitter.com/RizmaWidiono/status/1054756498864189440,prabowo,negative
,Errant,JajangRidwan19,10/23/2018 22:00,382,724,GERAM !! Jokowi Hati hati ada Politikus yg SONTOLOYO Presiden menumpahkan kekesalan nya kepada Politikus yg mengaitkan Program Pemerintah dengan Politik # 2019TetapJokowi pic.twitter.com/qGvsh28rdW,,,#,1.05E+18,https://twitter.com/JajangRidwan19/status/1054749424826507264,prabowo,negative
,Riska Amelia,riskameliaaG,10/23/2018 21:43,250,505,Alhamdulillah,"Matur Suwun Bapak @ jokowi"" Ibu Sujiyem. # 2019TetapJokowi pic.twitter.com/unWM1ytj1U""",,@,#,1.05E+18,jokowi,positive
,Shera,Consheraa,10/23/2018 19:26,108,218,"Cerdaskan Masyarakat dengan Kampanye Positif Pesan Bpk @ jokowi kepada Timses Adu Program,Adu Gagasan # JokowiLagi # 2019TetapJokowi pic.twitter.com/JIEUCtfzSt",,@,# #,1.05E+18,https://twitter.com/Consheraa/status/1054710704396095488,jokowi,positive
,Errant,JajangRidwan19,10/23/2018 19:03,148,273,"Mantap Gus ,, Pengasuh Ponpes Tebu Ireng Bantah Dukung Prabowo Sandi # 2019TetapJokowi pic.twitter.com/VjjN68k79C",,,#,1.05E+18,https://twitter.com/JajangRidwan19/status/1054704832018231296,jokowi,positive
,Y A N A,Dwiyana_DKM,10/25/2018 7:13,121,186,"Senang ya, jaman Pak @ jokowi pembangunan infrastruktur bs berlangsung cepat dinikmati. Tol Desari (Depok-Antasari)yg dharapkn dpt mpercepat mobilitas orang dan barang dr Jakarta ke Depok @ KemenPU Kalau sudah begini,masih mau ganti yang lain? Gue sih NO ya # 2019TetapJokowi pic.twitter.com/VFMIWM9WCr",,@ @,#,1.06E+18,https://twitter.com/Dwiyana_DKM/status/1055251077866508288,jokowi,positive
,yeni siswanti,SiswantiYeni,10/24/2018 20:11,126,235,"Dengerin yukk, apa kata warga... Ternyata sebagian besar warga masih cinta Jokowi, loh gaes Jokowi di hati, Jokowi dipilih!! # TetapJokowi # TetapSayangJokowi # 2019TetapJokowi pic.twitter.com/yAZ1ZwdCz0",,,# # #,1.06E+18,https://twitter.com/SiswantiYeni/status/1055084341049487361,jokowi,positive
,Shera,Consheraa,10/24/2018 18:26,79,125,Hai Sobat.. Tahukah Kamuh? Brand Indonesia Paling Bernilai di Asean & Peringkat 16 Dunia Evaluasi Nilai Merk Suatu Negara Berdasarkan Keadaan & Ekonomi secara Keseluruhan. Artinya Indonesia dalam Keadaan Baik dong # 2019TetapJokowi # 2019JokowiMarufAmin pic.twitter.com/eHcnTxb4pS,,,# #,1.06E+18,https://twitter.com/Consheraa/status/1055057843068448768,jokowi,positive
,#CintaNKRI_BersamaBANSER,04Nakula,10/24/2018 17:50,324,441,"Apakah ini mahluk yang sengaja mengibarkan bendera HTI sambil berteriak-teriak khilafah,,?? Apakah ini propaganda untuk menyerang Jokowi: 1:Menggunakan mahasiswa GagaL 2:Isu PKI,ekonomi,Dollar GagaL 3:Isu pengeroyokan Ratna Sarumpaet gagaL # PolitikusSONTOLOYO # 2019TetapJokowi pic.twitter.com/szoXKsUsiK",,,# #,1.06E+18,https://twitter.com/04Nakula/status/1055048933074849793,prabowo,negative
,AR3K_3DAN_üôè,5Y5_one_70,10/24/2018 17:10,145,287,"Goyang Jokowi. 2019 saatnya Ganti Presiden,dri yg lama ganti yg baru. Dari Jokowi ke Joko Widodo.. # 2019TetapJokowi # JokowiLagi @ andreOPA @ kangdede78 @ budimandjatmiko @ ASapardan @ 04Nakula @ Je_Ly @ ajunsii pic.twitter.com/XGJ53ragYu",,@ @ @ @ @ @ @,# #,1.06E+18,https://twitter.com/5Y5_one_70/status/1055038929995423744,jokowi,positive
,Sarah Index of,4Y4NKZ,10/24/2018 16:45,201,255,Spanduk spanjang itu di buat demo kejadian yg baru semqlam Sptnya ini sebuah Rencana yg di buat sejaka lama. Bukan tidak mungkin ini adalah kelanjutan drama RS yg kemaren gagal. Intinya ingin menyerang pemerintah. Astaqfirullah # 2019TetapJokowi pic.twitter.com/kQFN70yayg,,,#,1.06E+18,https://twitter.com/4Y4NKZ/status/1055032647460675585,jokowi,positive
,Errant,JajangRidwan19,10/24/2018 14:36,219,465,"Tuh Kan , Keberhasilan Program Dana Desa Diakui Dunia Yg Sentoloyo mana Suarany ,, # 2019TetapJokowi pic.twitter.com/xIAGvB8y4E",,,#,1.06E+18,https://twitter.com/JajangRidwan19/status/1054999997245210624,jokowi,positive
,Y A N A,Dwiyana_DKM,10/24/2018 12:26,157,257,"Pak @ jokowi & @ Pak_JK, telah memberikan lebih dari sekedar janji kampanye dengan kerja keras, kerja cerdas, kerja nyata dan kerja tuntas. Lanjut # Jokowi1PeriodeLagi, abaikan # KoalisiHoax # 2019TetapJokowi pic.twitter.com/WENQHB7h3r",,@ @,# # #,1.05E+18,https://twitter.com/Dwiyana_DKM/status/1054967251017838594,jokowi,positive
,Capres Abadi,P3nj3l4j4h,10/24/2018 11:45,517,961,Alhamdulilah bertambah lg dukungan untuk pasangan Jokowi-Ma'ruf Kali ini dari pihak sebelah yg putar haluan mendukung Pak Jokowi yang menamakan relawan Kotak Hijau. Semoga semakin banyak yang sadar dan kembali mendukung Pak Jokowi. # 2019TetapJokowi pic.twitter.com/m1rLYgGe46,,,#,1.05E+18,https://twitter.com/P3nj3l4j4h/status/1054957116505624578,jokowi,positive
,PUPUT,AdhitamaKin,10/24/2018 10:34,70,110,Rakyat Indonesia Patut Bangga! Presiden Jokowi Menempati Urutan Ke-16 Deretan 500 Muslim Paling Berpengaruh Sedunia # JokowiKeren # JokowiAmin # 2019PilihJokowi # 2019TetapJokowi pic.twitter.com/ko7Y6fyvC6,,,# # # #,1.05E+18,https://twitter.com/AdhitamaKin/status/1054939240834822144,jokowi,positive
,Shera,Consheraa,10/24/2018 10:30,137,311,Cuma di Era Presiden @ jokowi Lebih dari 6 juta Sertifikat Tanah di bagikan kepada Masyarakat diseluruh Indonesia. Kerenkan # JokowiLagi # 2019TetapJokowi pic.twitter.com/uOfW2DsGyp,,@,# #,1.05E+18,https://twitter.com/Consheraa/status/1054938277197701120,jokowi,positive
,Y A N A,Dwiyana_DKM,10/24/2018 6:27,216,319,"Hati2 jangan mudah terprovokasi dengan # PolitikusSontoloyo yang memang sengaja memperdaya masyarakat untuk kepentingan kelompok mereka. Rapatkan barisan, lawan # 2019TetapJokowi # KamiBersamaBanser # MakarBerkedokTauhid pic.twitter.com/AU7Fc4mcta",,,# # # #,1.05E+18,https://twitter.com/Dwiyana_DKM/status/1054877028640423936,prabowo,negative
,Rizma Widiono,RizmaWidiono,10/24/2018 0:05,347,744,LSI : Pemilih Prabowo dari kalangan terpelajar pindah ke Jokowi # 2019TetapJokowi pic.twitter.com/uP3G73kZvs,,,#,1.05E+18,https://twitter.com/RizmaWidiono/status/1054780809683513344,jokowi,positive
,Shera,Consheraa,10/23/2018 23:17,100,212,Sertifikat Tanah Rakyat Presiden @ jokowi Ngebut memberi Sertifikat kepada warga kali ini Daerah Jakarta 5000 sertifikat Tanah loh # JokowiLagi # 2019TetapJokowi pic.twitter.com/alQDLqDrBj,,@,# #,1.05E+18,https://twitter.com/Consheraa/status/1054768763994689536,jokowi,positive
,üáÆüá© „Å† „É† „Çå „Ç® „É† „Å° „É† „Éû „Ç® üáÆüá©,Kania_Sari27,10/23/2018 23:16,322,510,Pemerataan dan Keadilan dalam pembangunan dari Sabang Smpi Merauke di Era Bpk @ jokowi selama 4Tahun. ‚ô°Utk Indonesia Maju Yg Lebh baik‚ô° # 2019TetapJokowi # JokowiMembangunIndonesiapic.twitter.com/jcFveDTKAF,,@,# #,1.05E+18,https://twitter.com/Kania_Sari27/status/1054768436088266752,jokowi,positive
,Rizma Widiono,RizmaWidiono,10/23/2018 22:28,579,884,Pedagang Pasar Ini Marah ke @ sandiuno Merasa Jadi 'Alat' Politik Saat Kampanye. Pedagang pasar yg tergabung dlm Komite Pedagang Pasar (KPP) menganggap Sandi Uno telah menjadikan para pedagang pasar sebagai alat politik Ha.Ha.Ha.Ha # KoalisiPraBohong Belekok # 2019TetapJokowi pic.twitter.com/8wYT8YH23v,,@,# #,1.05E+18,https://twitter.com/RizmaWidiono/status/1054756498864189440,jokowi,positive
,Errant,JajangRidwan19,10/23/2018 22:00,382,724,GERAM !! Jokowi Hati hati ada Politikus yg SONTOLOYO Presiden menumpahkan kekesalan nya kepada Politikus yg mengaitkan Program Pemerintah dengan Politik # 2019TetapJokowi pic.twitter.com/qGvsh28rdW,,,#,1.05E+18,https://twitter.com/JajangRidwan19/status/1054749424826507264,prabowo,negative
,Riska Amelia,riskameliaaG,10/23/2018 21:43,250,505,Alhamdulillah,"Matur Suwun Bapak @ jokowi"" Ibu Sujiyem. # 2019TetapJokowi pic.twitter.com/unWM1ytj1U""",,@,#,1.05E+18,jokowi,positive
,Shera,Consheraa,10/23/2018 19:26,108,218,"Cerdaskan Masyarakat dengan Kampanye Positif Pesan Bpk @ jokowi kepada Timses Adu Program,Adu Gagasan # JokowiLagi # 2019TetapJokowi pic.twitter.com/JIEUCtfzSt",,@,# #,1.05E+18,https://twitter.com/Consheraa/status/1054710704396095488,jokowi,positive
,Errant,JajangRidwan19,10/23/2018 19:03,148,273,"Mantap Gus ,, Pengasuh Ponpes Tebu Ireng Bantah Dukung Prabowo Sandi # 2019TetapJokowi pic.twitter.com/VjjN68k79C",,,#,1.05E+18,https://twitter.com/JajangRidwan19/status/1054704832018231296,jokowi,positive
